"","Airradians_TranscriptID","Airradians_NCBI_refseq","Airradians_gene_id","blastxEval_CvirgTranscriptID","blastxEval_CvirgProteinID","blastxEval_CvirgGeneID","blastxEval_CvirgGOterms","baseMean","log2FoldChange","lfcSE","stat","pvalue","padj","S1","S19","S20","S21","S2","S11","S12","S13","S14","S24","S33","S34","S35","S18"
"135","rna-XM_069271994.1","NC_091139.1","LOC138325959","XM_022463959.1",NA,NA,NA,551.514273025643,27.1050446175452,1.95457068911959,13.8675182066474,9.96659284206374e-44,1.20994437102654e-39,703.453017001735,1276.09558058308,370.408173602314,2198.33051436105,1148.62021853317,0,0,0,0,0,623.27693450305,0,0,1401.0153837746
"207","rna-XR_011209187.1","NC_091140.1","LOC138328315","XM_022468420.1","LOC111125017","mothers against decapentaplegic homolog 5-like","GO:0003700;GO:0005622;GO:0007165;GO:0009058;GO:0032991;GO:0034641",217.541286482532,25.559802586198,1.99847531960263,12.7896513584567,1.87312307694371e-37,1.13698570770483e-33,215.426105351765,777.983845644474,331.417839538912,273.519786362661,254.119517374595,0,0,0,0,0,0,517.525017595301,675.585898887733,0
"127","rna-XM_069271431.1","NC_091139.1","LOC138325639","XM_022460605.1",NA,NA,NA,208.860898358944,-24.4519167503868,1.9254118164723,-12.6995775870884,5.94497177601901e-37,2.40573191202902e-33,0,0,0,0,0,271.198941989878,332.07663397384,318.610223878088,589.547821532645,626.019087649044,437.352498626875,0,0,349.247369374847
"198","rna-XM_069285184.1","NC_091145.1","LOC138335962","XM_022441433.1","LOC111106667","leukotriene A-4 hydrolase-like","GO:0008233;GO:0043167",408.27500813343,-25.1723611948324,2.45155014984758,-10.2679364712965,9.82844104641445e-25,2.98293185758678e-21,0,0,0,0,0,0,1559.35985652174,521.618508118993,1738.75380231743,0,1233.98246586857,0,353.147174418587,308.988306622704
"114","rna-XM_069269647.1","NC_091134.1","LOC138324553","XM_022436989.1","LOC111103605","uncharacterized","GO:0007165",226.206995438367,-24.5756585364912,2.41078565677736,-10.194045442158,2.10805170540772e-24,5.11834954072996e-21,0,0,0,0,0,754.306369016382,596.137571832556,308.271839032486,0,680.155958436305,539.908682117292,0,288.117515702121,0
"136","rna-XM_069273131.1","NC_091140.1","LOC138327145","XM_022471844.1","LOC111126911","ETS translocation variant 5-like","GO:0003677;GO:0003700;GO:0005622;GO:0009058;GO:0032991;GO:0034641",273.545507882823,-24.4480452068061,2.45605935804293,-9.95417522249428,2.41819655087293e-23,4.1938437325139e-20,0,0,0,0,0,247.043570638553,634.146343191008,405.076715314029,0,893.750521360585,1190.97503408226,458.644925773082,0,0
"123","rna-XM_069270970.1","NC_091139.1","LOC138325367","XM_022457444.1",NA,NA,NA,130.406769216278,22.8238445775899,2.31993081137087,9.8381574423347,7.71100767894352e-23,1.17014541527968e-19,0,0,153.418488379906,94.9407522911714,0,0,0,0,0,0,836.990787841145,118.793167711496,188.766648218631,432.784924585546
"186","rna-XM_069281238.1","NC_091134.1","LOC138333102","XM_022436194.1","LOC111103148","uncharacterized","GO:0003674",163.034952186612,-23.8147530398375,2.45543692708803,-9.69878426813432,3.05112375402662e-22,4.11562693043147e-19,0,0,0,0,0,225.084142137348,446.102948049195,0,344.246455230601,351.397506746398,529.322237369894,386.336041079127,0,0
"46","rna-XM_069256473.1","NC_091135.1","LOC138315441","XM_022485394.1","LOC111135380","serine/threonine-protein phosphatase 4 regulatory subunit 1-like","GO:0005622;GO:0007165;GO:0030234;GO:0032991",153.492173631633,-23.7553417106009,2.46276040032253,-9.64581926341267,5.1200703278996e-22,6.21576537807011e-19,0,0,0,0,0,341.469113193733,256.059091256937,458.648345877601,0,274.621580902647,616.660406535927,201.431893076016,0,0
"162","rna-XM_069276611.1","NC_091141.1","LOC138329544","XM_022472539.1","LOC111127380","chromosome-associated kinesin KIF4-like","GO:0005856;GO:0008092;GO:0008150;GO:0032991;GO:0043167",157.398583342636,-23.6810687391498,2.47947815103614,-9.55082775351491,1.28664111593178e-21,1.30165192895098e-18,0,0,0,0,0,301.942141891565,622.143573288339,125.000471315002,0,265.762820228368,645.773129591271,0,242.958030482353,0
"9","rna-XM_069246898.1","NC_091146.1","LOC138306437","XM_022436643.1","LOC111103393","inositol hexakisphosphate and diphosphoinositol-pentakisphosphate kinase 2-like","GO:0016301",56.4572657131852,-22.7015500719369,2.43946245139236,-9.30596413114689,1.32782114831896e-20,1.03207211656298e-17,0,0,0,0,0,62.5843712284335,251.057937130825,105.263554791581,54.6259345126402,126.975569664665,189.89435265645,0,0,0
"205","rna-XR_011205602.1","NC_091145.1","LOC138304600","XM_022470523.1","LOC111126113","sodium- and chloride-dependent glycine transporter 1-like","GO:0005575;GO:0022857",76.7172446856855,-22.9309394262512,2.51658631019624,-9.11192250126446,8.09348552696879e-20,5.77970084102359e-17,0,0,0,0,0,76.8579997542165,164.037855336475,61.090455905828,74.2088166964169,342.538746072119,355.307551834542,0,0,0
"118","rna-XM_069270490.1","NC_091139.1","LOC138325082","XM_022459832.1","LOC111119562","EF-hand calcium-binding domain-containing protein 7-like","GO:0043167",111.534988907546,-23.0805863360852,2.57653597895499,-8.95799108749353,3.30647213223818e-19,2.23003176029841e-16,0,0,0,0,0,0,255.058860431714,194.549605730868,283.436452659926,56.1054842704332,0,53.7151714869375,0,718.624270125767
"202","rna-XM_069286044.1","NC_091134.1","LOC138336523","XM_022450956.1","LOC111113026","cathepsin L1-like","GO:0008233",593.187183708903,-25.2637778379062,2.83782538561461,-8.90251315883366,5.45962019295676e-19,3.48840995486816e-16,0,0,0,0,0,0,719.165963334913,2081.77476663706,0,1139.82720675722,1947.90583352121,0,550.945719681172,1865.00108199306
"65","rna-XM_069260563.1","NC_091136.1","LOC138318311","XM_022477747.1","LOC111130582","cyclin-dependent kinase-like 1","GO:0006464;GO:0016301;GO:0043167",122.85783391346,25.3615441566291,2.86462199778496,8.85336500810218,8.49193763961412e-19,5.15460614724577e-16,164.377265221015,0,431.436522571116,631.808101556724,369.320365251079,0,0,0,0,0,123.0674201885,0,0,0
"194","rna-XM_069283816.1","NC_091144.1","LOC138334942","XM_022479847.1","LOC111132124","WD repeat-containing protein 6-like","GO:0003674",136.974671320214,25.3890413546582,2.95909689609894,8.57999661590306,9.48759321959583e-18,5.48473246123302e-15,335.901368060335,0,781.501913183829,339.074115325612,177.318952123607,0,0,0,0,0,283.849049789606,0,0,0
"6","rna-XM_069245762.1","NC_091146.1","LOC138305506","XM_022456026.1",NA,NA,NA,470.160317568735,-12.2274599815898,1.48341240573576,-8.24279204778867,1.68237828874961e-16,9.28366928428193e-14,0,0,0,0,0,503.968884102648,1083.24998371587,920.116251258548,877.106986231261,1124.07829889184,1149.29090788938,528.887842332923,0,395.545291539813
"208","rna-XR_011210206.1","NC_091144.1","LOC138334897","XM_022488768.1","LOC111137333","protein fem-1 homolog A-like","GO:0003674",100.782730711495,-23.7576143280002,2.88915664001767,-8.22302743954198,1.98429412727268e-16,1.04736220456914e-13,0,0,0,0,0,106.503228230843,415.0957924673,269.737859153425,0,525.619800007217,0,94.0015501021406,0,0
"98","rna-XM_069266909.1","NC_091138.1","LOC138322801","XM_022463799.1","LOC111122178","dual specificity mitogen-activated protein kinase kinase 6-like","GO:0006464;GO:0016301;GO:0043167",257.934627393866,-24.6424554128753,3.02553809303332,-8.14481743581995,3.79854585361679e-16,1.9214311109545e-13,0,0,0,0,0,1041.97488238216,0,1072.37246443923,350.430523288635,0,78.7366828087718,0,1067.57023059532,0
"64","rna-XM_069260525.1","NC_091136.1","LOC138318306","XM_022477801.1","LOC111130636","anaphase-promoting complex subunit 1-like","GO:0005634;GO:0032991",151.993891188192,-24.1514642647205,2.97099682011645,-8.12907779005088,4.32568664318719e-16,2.1005534339317e-13,0,0,0,0,0,0,427.098562369969,403.197008978465,220.565094069906,651.611062930295,425.442748286053,0,0,0
"141","rna-XM_069273820.1","NC_091140.1","LOC138327605","XM_022467949.1","LOC111124772","protocadherin-9-like","GO:0005886;GO:0007155;GO:0043167",125.143899694084,-24.013273218781,2.98447748591267,-8.04605607920597,8.55048232472712e-16,3.99241751623797e-13,0,0,0,0,0,480.911484176383,83.01915849346,0,572.026295368214,388.801162926686,0,227.256494752428,0,0
"103","rna-XM_069267695.1","NC_091138.1","LOC138323257","XM_022463787.1","LOC111122172","disks large homolog 5-like","GO:0003674",208.867525832845,-24.0368337552231,3.0100238126234,-7.98559587948034,1.39845118665846e-15,6.28785089112358e-13,0,0,0,0,0,544.593826829877,800.184660177928,0,329.816963095186,0,869.411774880051,380.138136676788,0,0
"104","rna-XM_069267695.1","NC_091138.1","LOC138323257","XM_022463787.1","LOC111122172","disks large homolog 5-like","GO:0003674;GO:0008219",208.867525832845,-24.0368337552231,3.0100238126234,-7.98559587948034,1.39845118665846e-15,6.28785089112358e-13,0,0,0,0,0,544.593826829877,800.184660177928,0,329.816963095186,0,869.411774880051,380.138136676788,0,0
"101","rna-XM_069267224.1","NC_091138.1","LOC138322960","XM_022451810.1","LOC111113514","monocarboxylate transporter 13-like","GO:0005575;GO:0055085",55.7519022861803,24.0267828393614,3.04842536193823,7.88170284217976,3.2294932042747e-15,1.35193267241017e-12,0,71.7361727802048,215.294453306608,223.788916114904,85.8359258687523,0,0,0,0,0,0,183.871163936055,0,0
"157","rna-XM_069275804.1","NC_091141.1","LOC138329080","XM_022481586.1","LOC111133318","secreted frizzled-related protein 5-like","GO:0003674",155.227057131558,-23.904410130056,3.04416067450517,-7.85254547509771,4.07676991149597e-15,1.64641612983697e-12,0,0,0,0,0,552.279626805299,288.066477664054,0,371.044083482084,249.029605621397,0,712.759006268978,0,0
"201","rna-XM_069285804.1","NC_091145.1","LOC138336353","XM_022446727.1","LOC111110297","FERM domain-containing protein 4A-like","GO:0005856;GO:0008092",39.793231166473,-22.4787128696038,2.86400976096781,-7.84868584456491,4.20419275329045e-15,1.64641612983697e-12,0,0,0,0,0,91.1316282799996,108.02492912402,121.241058643874,0,179.143826968752,57.563793313976,0,0,0
"75","rna-XM_069261712.1","NC_091136.1","LOC138318902","XM_022475482.1","LOC111129228","nucleoside diphosphate kinase 6-like","GO:0009058;GO:0016301;GO:0034641;GO:0044281",74.3489211745664,23.8484173886296,3.04839483941564,7.82327048985596,5.14683490793298e-15,1.95258049319707e-12,0,0,289.884657601811,238.482127779014,0,0,0,0,0,0,129.683948155624,0,216.765529054887,166.068633852593
"41","rna-XM_069255418.1","NC_091135.1","LOC138314838","XM_022450908.1","LOC111112993","tubulin alpha-1A chain","GO:0003924;GO:0005198;GO:0005856;GO:0008150;GO:0043167",664.360730663254,27.554080951741,3.53384127663156,7.79720389083391,6.329393123348e-15,2.3284494702256e-12,546.222589399025,607.231547054973,6830.08938875846,0,0,0,0,0,0,0,449.92390176441,0,0,867.582802308699
"44","rna-XM_069256017.1","NC_091135.1","LOC138315196","XM_022490539.1","LOC111138521","purine nucleoside phosphorylase-like","GO:0016757;GO:0034641;GO:0044281;GO:0051186",161.69016207836,-23.644652601085,3.03791233602533,-7.78319121348333,7.07176241151693e-15,2.51855249236634e-12,0,0,0,0,0,0,839.193662361602,0,0,376.005175286061,557.111654831814,282.004650306422,0,209.347126311148
"83","rna-XM_069263368.1","NC_091137.1","LOC138320408","XM_022467910.1","LOC111124749","uncharacterized","GO:0005634;GO:0006464;GO:0006520;GO:0008168;GO:0009056;GO:0043167;GO:0051276",103.845623816678,-23.6363364825607,3.0381481433096,-7.77984988474345,7.26106566991942e-15,2.51855249236634e-12,0,0,0,0,0,327.19548466795,128.029545628468,123.120764979438,0,594.521271918275,0,280.971666239365,0,0
"158","rna-XM_069276142.1","NC_091141.1","LOC138329276","XM_022473269.1","LOC111127936","nucleobindin-2-like","GO:0043167",59.2093117523718,23.6361266058686,3.04916192736127,7.75167969722198,9.06848988950728e-15,3.05800179168093e-12,0,215.208518340614,238.180084169909,0,0,0,0,0,0,0,155.488407227406,83.6717094315757,136.3816453637,0
"126","rna-XM_069271421.1","NC_091139.1","LOC138325631","XM_022461018.1",NA,NA,NA,141.189047251731,-23.5020127706359,3.04155023600607,-7.72698490803061,1.10123696318922e-14,3.5181622981887e-12,0,0,0,0,0,0,363.083789555735,0,254.577468389097,505.933665175486,620.630323316201,232.42141508771,0,0
"109","rna-XM_069268310.1","NC_091138.1","LOC138323594","XM_022476640.1",NA,NA,NA,51.6434893318602,-22.7220655831014,2.94893718258573,-7.70517110953784,1.30668087805279e-14,3.96577646489023e-12,0,0,0,0,0,138.34439955759,255.058860431714,83.6469319325953,0,140.755864046876,105.202794677266,0,0,0
"185","rna-XM_069280570.1","NC_091143.1","LOC138332567","XM_022476141.1",NA,NA,NA,138.405784387617,-23.4113589126999,3.03760481639035,-7.70717730837684,1.28631031078847e-14,3.96577646489023e-12,0,0,0,0,0,0,501.115643436427,0,0,529.557026973563,444.630679390711,272.707793702913,189.669837923027,0
"72","rna-XM_069261254.1","NC_091136.1","LOC138318664","XM_022475743.1","LOC111129382","double zinc ribbon and ankyrin repeat-containing protein 1-like","GO:0003674",165.646065956705,-23.2349937137916,3.02199382414062,-7.68863044265123,1.48718345032465e-14,4.40351392364421e-12,0,0,0,0,0,0,763.176119644699,0,319.510182998462,247.060992138224,518.735792622496,0,470.561835989985,0
"177","rna-XM_069279615.1","NC_091142.1","LOC138331819","XM_022485497.1","LOC111135433","RNA-binding protein Musashi homolog Rbp6-like","GO:0003723",158.935045741341,-23.0478663942273,3.01133399116657,-7.65370645097351,1.95267744431906e-14,5.64416766048413e-12,0,0,0,0,0,279.98271339036,320.073864071171,0,0,201.782882025242,633.863379250448,0,789.387801641549,0
"171","rna-XM_069278744.1","NC_091142.1","LOC138331243","XM_022486508.1","LOC111135981","uncharacterized","GO:0006464;GO:0006520;GO:0016791",135.621688839235,-23.195652509988,3.04064081398892,-7.62854080076573,2.37425704245427e-14,6.70313499892903e-12,0,0,0,0,0,0,369.085174507069,149.436653677333,0,380.926708993994,387.728538873448,611.526567697442,0,0
"178","rna-XM_069279616.1","NC_091142.1","LOC138331819","XM_022485497.1","LOC111135433","RNA-binding protein Musashi homolog Rbp6-like","GO:0003723",140.909708155371,-22.6811239656761,2.98284931567267,-7.60384503719431,2.87459437626607e-14,7.93126721087958e-12,0,0,0,0,0,0,235.054243927266,0,0,381.911015735581,558.434960425239,451.414037303686,345.921656783425,0
"138","rna-XM_069273479.1","NC_091140.1","LOC138327410","XM_022439168.1","LOC111104991","uncharacterized","GO:0005576;GO:0006810;GO:0008289",123.429353767414,-23.1702213096643,3.06191703828374,-7.56722700842723,3.81275294465896e-14,1.02859601662577e-11,0,0,0,0,0,0,505.116566737317,101.504142120453,0,464.592782028851,434.705887440026,222.091574417145,0,0
"7","rna-XM_069246338.1","NC_091146.1","LOC138306017","XM_022469441.1",NA,NA,NA,235.431694140525,-11.1448711712834,1.4736396436733,-7.56281986517604,3.94423657315832e-14,1.04093547822048e-11,0,0,0,0,0,281.08068481542,500.115412611205,546.994543649106,292.712554746978,507.902278658659,510.134306265236,348.115630598037,0,308.988306622704
"31","rna-XM_069252289.1","NC_091149.1","LOC138310935","XM_022451314.1","LOC111113215","tensin-1-like","GO:0003674",142.011638376186,-22.9113711723544,3.03155024899652,-7.55764189623388,4.10442168287516e-14,1.06016338787456e-11,0,0,0,0,0,349.154913169155,0,212.406815918725,0,222.45332359856,333.473009543033,0,870.674875037131,0
"61","rna-XM_069260179.1","NC_091136.1","LOC138318090","XM_022474963.1",NA,NA,NA,129.507557238939,-22.8216908174705,3.02155749260952,-7.55295600804898,4.2548874516999e-14,1.07613195132577e-11,0,0,0,0,0,338.175198918553,0,0,0,343.523052813705,321.563259202211,615.658503965668,194.185786445003,0
"94","rna-XM_069264663.1","NC_091137.1","LOC138321176","XM_022464501.1","LOC111122649","large proline-rich protein BAG6-like","GO:0003674",113.34612450469,-23.1452128833972,3.07426572392125,-7.5286962682833,5.12494399490083e-14,1.26973102241012e-11,0,0,0,0,0,422.718998648191,90.0207742700169,353.38479108602,0,0,488.299763973727,232.42141508771,0,0
"179","rna-XM_069279825.1","NC_091142.1","LOC138331940","XM_022486836.1",NA,NA,NA,108.779139785185,-23.1080143285785,3.07188146900185,-7.52243032869592,5.37672710218991e-14,1.30546934041171e-11,0,0,0,0,0,310.725913292047,375.086559458404,0,0,232.296391014425,506.164389484961,0,0,98.6347037427523
"111","rna-XM_069268635.1","NC_091138.1","LOC138323789","XM_022486750.1",NA,NA,NA,105.861790822368,-22.9801564290601,3.06564739056276,-7.49602074256871,6.57843852675577e-14,1.56592634734931e-11,0,0,0,0,0,0,251.057937130825,103.383848456017,397.841711733568,0,451.908860154547,277.872714038196,0,0
"116","rna-XM_069270223.1","NC_091139.1","LOC138324945","XM_022475267.1","LOC111129129","uncharacterized","GO:0006464;GO:0016301;GO:0043167",177.557612997719,-22.1814995702032,2.96334817887618,-7.48528294053361,7.1393160717547e-14,1.66675571367504e-11,0,0,0,0,0,0,340.078480575619,0,0,328.758451689907,408.239775571531,339.851758061585,0,1068.87811606942
"164","rna-XM_069276738.1","NC_091141.1","LOC138329633","XM_022433346.1","LOC111101050","1-phosphatidylinositol 4,5-bisphosphate phosphodiesterase eta-2-like","GO:0006629;GO:0007165;GO:0009056;GO:0043167",93.9128159235323,-22.895081453174,3.06830334334228,-7.4618050731042,8.53450844353399e-14,1.95488551895288e-11,0,0,0,0,0,0,501.115643436427,0,0,202.767188766829,292.450536146867,0,207.733632010934,110.712422568395
"87","rna-XM_069263862.1","NC_091137.1","LOC138320694","XM_022458665.1","LOC111118939","uncharacterized","GO:0003674",117.99288632151,-22.6241857621359,3.04555834001035,-7.4285839364545,1.09766418556438e-13,2.46771170606511e-11,0,0,0,0,0,0,0,0,147.386955383161,457.702634837745,650.404699168258,0,256.505876048283,139.9002430637
"97","rna-XM_069266327.1","NC_091137.1","LOC138322289","XM_022471528.1",NA,NA,NA,62.4445652690492,-22.7564692424501,3.06771173152484,-7.41805985503687,1.18848392416838e-13,2.62330815261893e-11,0,0,0,0,0,173.479485159517,0,66.7295749125198,74.2088166964169,313.009543824522,246.796493173713,0,0,0
"122","rna-XM_069270841.1","NC_091134.1","LOC138325280","XM_022435068.1","LOC111102374","E3 ubiquitin-protein ligase TRIM71-like","GO:0003674",56.6666840698776,-9.72086243105887,1.31148788627316,-7.41208709039815,1.2432706372332e-13,2.69523313143055e-11,0,0,0,0,0,119.678885331566,320.073864071171,94.9251699459789,60.810002570675,197.845655058896,0,0,0,0
"13","rna-XM_069247572.1","NC_091147.1","LOC138306969","XM_022470770.1","LOC111126259","arylsulfatase B-like","GO:0003674",114.337360934376,-19.9251112965783,2.70140636349449,-7.37582896295677,1.63325582955161e-13,3.47854838083449e-11,0,0,0,0,0,0,0,90.225904107069,0,0,604.089003398392,101.232438571536,484.109681555915,321.066025448347
"62","rna-XM_069260188.1","NC_091136.1","LOC138318091","XM_022475052.1","LOC111129009","echinoderm microtubule-associated protein-like 2","GO:0003674",240.132048818518,25.9861509295945,3.53392303544317,7.35334376809247,1.933089230012e-13,4.04615573316305e-11,1013.8299649967,1383.19465543803,0,132.238904976989,0,0,0,0,0,0,0,832.585158047531,0,0
"68","rna-XM_069261055.1","NC_091134.1","LOC138318565","XM_022485334.1",NA,NA,NA,114.858320020008,-22.3529589932563,3.04371771076137,-7.34396587246747,2.07356016888278e-13,4.26661363563338e-11,0,0,0,0,0,0,382.088175234961,0,0,118.116808990386,760.900716219223,115.694215510327,231.216564325213,0
"92","rna-XM_069264326.1","NC_091137.1","LOC138320972","XM_022459221.1","LOC111119236","alternative oxidase, mitochondrial-like","GO:0016491",91.2484212335487,-21.3599181722454,2.92376622130565,-7.30561767100068,2.75995922283809e-13,5.58431749420906e-11,0,0,0,0,0,0,0,0,0,242.139458430291,377.14209412605,271.674809635857,263.731393683446,122.790141394039
"59","rna-XM_069259902.1","NC_091136.1","LOC138317926","XM_022476749.1","LOC111130067","putative transcription factor p65 homolog","GO:0003677;GO:0003700;GO:0005634;GO:0005737;GO:0009058;GO:0032991;GO:0034641",365.656388878695,25.7381974164164,3.5339452865927,7.28313409776421,3.2615273438661e-13,6.49097409090729e-11,0,541.557586059011,0,1089.5581572463,501.462514285868,0,0,0,0,0,0,0,1070.27979970851,1916.33138700205
"161","rna-XM_069276355.1","NC_091141.1","LOC138329395","XM_022453995.1","LOC111115300","zinc finger protein 76-like","GO:0003674",58.135477663954,-22.3718019602918,3.0789140677866,-7.26613392506102,3.69921847942157e-13,7.24330844196417e-11,0,0,0,0,0,0,98.0226208717962,100.564288952671,80.3928847544516,202.767188766829,332.149703949609,0,0,0
"78","rna-XM_069261996.1","NC_091136.1","LOC138319084","XM_022473832.1","LOC111128282","alpha-mannosidase 2-like","GO:0005975;GO:0016798;GO:0044281",104.668556349726,-21.6820913076391,2.98764444880151,-7.25725288909019,3.95030749127583e-13,7.61217983239501e-11,0,0,0,0,0,372.21231309542,233.053782276821,155.075772684025,0,435.063579781254,269.954341058646,0,0,0
"148","rna-XM_069274563.1","NC_091140.1","LOC138328006","XM_022457916.1",NA,NA,NA,108.337097149562,-22.1178131626619,3.04915094720773,-7.25376130785403,4.05354210183786e-13,7.68906267442369e-11,0,0,0,0,0,98.8174282554213,0,0,313.326114940427,0,812.509634362788,124.991072113835,0,167.075110421397
"4","rna-XM_069245319.1","NC_091134.1","LOC138304920","XM_022435463.1","LOC111102641","smad nuclear interacting protein 1-like","GO:0003674",78.7503365860367,-21.8480299454404,3.02510701549392,-7.22223373703466,5.11404713775483e-13,9.55146650036057e-11,0,0,0,0,0,0,128.029545628468,0,0,250.013912362983,232.240131646041,0,360.37269205375,131.848430513271
"45","rna-XM_069256328.1","NC_091135.1","LOC138315362","XM_022459267.1",NA,NA,NA,48.1690194384122,-21.9635134318247,3.05037970595031,-7.20025555801493,6.00998094801218e-13,1.10547225316466e-10,0,0,0,0,0,0,114.026314075355,0,0,247.060992138224,95.9396555232933,0,123.736989502165,93.6023208987343
"199","rna-XM_069285249.1","NC_091145.1","LOC138335999","XM_022442679.1","LOC111107462","protein kinase C delta type-like","GO:0006464;GO:0006520;GO:0007165;GO:0016301;GO:0043167",45.5639086605419,-21.8868418495251,3.04256754935935,-7.19354344462578,6.31310521789559e-13,1.14389697530228e-10,0,0,0,0,0,0,169.039009462587,0,0,172.253679777646,93.2930443364439,122.925103979722,80.3838836911874,0
"153","rna-XM_069275322.1","NC_091140.1","LOC138328493","XM_022472439.1",NA,NA,NA,46.4808750645003,-22.1169424095385,3.07930322962395,-7.18245030134284,6.84729560486983e-13,1.22244365651647e-10,0,0,0,0,0,0,0,0,74.2088166964169,323.836917981974,112.480975441103,0,67.7392278296523,72.4663129538588
"91","rna-XM_069264143.1","NC_091137.1","LOC138320866","XM_022471575.1","LOC111126740","influenza virus NS1A-binding protein homolog","GO:0003674",62.5482863532505,-20.2773464653461,2.83264635543762,-7.15844617398893,8.15966139802583e-13,1.43562738220338e-10,0,0,0,0,0,0,0,0,0,115.163888765626,191.879311046587,136.353896851457,242.054840777958,190.224071503879
"124","rna-XM_069271318.1","NC_091139.1","LOC138325564","XM_022463782.1","LOC111122171","hydroxymethylglutaryl-CoA synthase 1-like","GO:0006520;GO:0006629;GO:0006790;GO:0009056;GO:0009058;GO:0016746;GO:0034641;GO:0051186",73.1779943625955,-21.8446117942184,3.07224017392574,-7.11032033875955,1.1577392135823e-12,2.00785057898417e-10,0,0,0,0,0,103.209313955662,166.03831698692,0,74.2088166964169,0,0,388.40200921324,292.633464224098,0
"93","rna-XM_069264585.1","NC_091137.1","LOC138321139","XM_022461725.1","LOC111120762","cubilin-like","GO:0043167",52.0468388639236,-21.5145669081649,3.04309229730105,-7.0699685734956,1.54968788758517e-12,2.64974802187099e-10,0,0,0,0,0,178.969342284819,85.0196201439048,0,0,0,60.8720572975378,266.509889300574,137.284835068095,0
"137","rna-XM_069273272.1","NC_091140.1","LOC138327293","XM_022465066.1","LOC111122996","nuclear pore complex protein Nup98-Nup96-like","GO:0005198;GO:0005635;GO:0006913;GO:0032991",88.2155499226951,24.6141973555551,3.53409908234467,6.96477285498881,3.28934034453786e-12,5.54619330315134e-10,0,0,164.437495832606,672.496995395798,186.35431274137,0,0,0,0,0,211.728894947958,0,0,0
"47","rna-XM_069256570.1","NC_091135.1","LOC138315504","XM_022479800.1",NA,NA,NA,90.7757220997575,24.3009352860436,3.53420192011609,6.87593290800015,6.15854817304125e-12,1.02417499754412e-09,362.446764928325,198.032251618593,0,198.923480991026,0,0,0,0,0,0,511.45761185866,0,0,0
"32","rna-XM_069252519.1","NC_091149.1","LOC138311077","XM_022469612.1",NA,NA,NA,79.1896754345516,24.2656094394977,3.53422616951805,6.86589037475399,6.60778039014735e-12,1.08403316130255e-09,429.831233900915,285.934322490112,0,0,0,0,0,0,0,0,113.804281034527,0,279.085618658168,0
"121","rna-XM_069270737.1","NC_091139.1","LOC138325234","XM_022459719.1","LOC111119511","dedicator of cytokinesis protein 7-like","GO:0007165;GO:0019899",95.9040150304947,24.1153327730008,3.53427788168259,6.82327015031428,8.89910774121107e-12,1.44046890637737e-09,126.60112352426,0,511.112422613719,0,0,0,0,0,0,0,444.630679390711,260.311984898235,0,0
"56","rna-XM_069258919.1","NC_091136.1","LOC138317333","XM_022468084.1","LOC111124859","multidrug resistance-associated protein 1-like","GO:0005886;GO:0016887;GO:0022857;GO:0043167",233.376905291714,-23.8839721673538,3.53399501018265,-6.7583491483536,1.39572863532066e-11,2.2294928464201e-09,0,0,0,0,0,0,699.161346830464,0,0,808.115834842556,907.787637089369,852.211855321604,0,0
"88","rna-XM_069263923.1","NC_091137.1","LOC138320746","XM_022445870.1",NA,NA,NA,70.3472168062898,23.7347062641508,3.53442230852646,6.71530003839468,1.87679635679474e-11,2.95900100928418e-09,193.98559249685,0,0,294.994480333283,0,0,0,0,0,0,310.976814454813,184.904148003112,0,0
"48","rna-XM_069256766.1","NC_091135.1","LOC138315618","XM_022485913.1","LOC111135648","uncharacterized","GO:0006464;GO:0016301;GO:0043167",107.026032436067,-23.7077285021226,3.53402811903636,-6.70841535595564,1.9674924060013e-11,3.06222536010972e-09,0,0,0,0,0,527.026284028913,232.053551451599,0,0,531.525640456736,207.758978167683,0,0,0
"33","rna-XM_069252639.1","NC_091149.1","LOC138311166","XM_022464406.1","LOC111122602","frizzled-5-like","GO:0003674;GO:0005575;GO:0007165",98.223973914014,-23.62101308743,3.53405577474851,-6.68382577779519,2.32783535364594e-11,3.57720521433692e-09,0,0,0,0,0,420.52305579807,382.088175234961,0,349.399845278963,0,0,223.124558484202,0,0
"70","rna-XM_069261192.1","NC_091136.1","LOC138318640","XM_022474376.1","LOC111128639","uncharacterized","GO:0007165;GO:0019899",111.807855362443,-23.6070950381944,3.53405498411966,-6.67988900689813,2.39123286247647e-11,3.62869586880804e-09,0,0,0,0,0,0,461.106410427531,0,190.675431789405,503.965051692312,409.563081164956,0,0,0
"112","rna-XM_069269163.1","NC_091138.1","LOC138324100","XM_022460164.1",NA,NA,NA,106.817826221774,-23.5613003884352,3.53406281831422,-6.66691612450571,2.6123428441875e-11,3.9152891516588e-09,0,0,0,0,0,444.678427149396,416.096023292522,0,0,260.841286520435,373.833830142488,0,0,0
"99","rna-XM_069266912.1","NC_091138.1","LOC138322802","XM_022463796.1",NA,NA,NA,94.5478804340865,-23.4849526020123,3.53408067128028,-6.64527915077403,3.02642936191911e-11,4.4266087293612e-09,0,0,0,0,0,411.739284397589,198.045703394037,0,441.130188139812,0,0,0,0,272.755150145774
"173","rna-XM_069279117.1","NC_091142.1","LOC138331468","XM_022480837.1","LOC111132906","ras-related protein Rab-34-like","GO:0003924;GO:0043167",37.606855086928,23.3405085181851,3.53463988056334,6.603362522596,4.01935030890871e-11,5.80891818454188e-09,110.26549468242,140.441239668288,111.037690484904,0,0,0,0,0,0,0,164.75154638138,0,0,0
"89","rna-XM_069263944.1","NC_091137.1","LOC138320755","XM_022470938.1","LOC111126370","cell wall protein PRY3-like","GO:0005576",91.1459537398521,-23.1995948248372,3.53413807403695,-6.56442797050566,5.22329850226339e-11,7.46009927264441e-09,0,0,0,0,0,331.587370368191,542.125107270546,0,0,0,105.864447473979,296.466427245213,0,0
"142","rna-XM_069274150.1","NC_091140.1","LOC138327778","XM_022468517.1","LOC111125061","arachidonate 5-lipoxygenase-like","GO:0006520;GO:0006950;GO:0016491;GO:0034641;GO:0043167",53.1567952479078,-22.8742979374524,3.53424408959435,-6.47218962742267,9.65927900391662e-11,1.34785801273043e-08,0,0,0,0,0,73.5640854790358,149.034392958139,0,0,443.922340455533,0,0,77.6743145780013,0
"96","rna-XM_069265606.1","NC_091137.1","LOC138321707","XM_022466986.1","LOC111124119","protein pygopus-like","GO:0003677;GO:0009058;GO:0034641",65.7592260512752,-22.8573085248594,3.53423906046137,-6.46739174510609,9.97089222217007e-11,1.37552990428574e-08,0,0,0,0,0,385.387970196143,0,0,288.589842708288,0,0,108.463327040931,138.188024772491,0
"110","rna-XM_069268418.1","NC_091138.1","LOC138323653","XM_022462222.1",NA,NA,NA,74.8340705347957,-22.8393544798117,3.53424087278162,-6.46230840000332,1.03117668985371e-10,1.40657134998023e-08,0,0,0,0,0,0,85.0196201439048,0,98.9450889285559,487.231837085341,376.480441329337,0,0,0
"29","rna-XM_069251977.1","NC_091149.1","LOC138310664","XM_022468287.1","LOC111124944","thioredoxin domain-containing protein 3 homolog","GO:0009058;GO:0016301;GO:0034641;GO:0044281",35.6518842153596,22.812317401212,3.53492230915085,6.45341407989583,1.09358015015772e-10,1.44305032857769e-08,0,0,270.38949057011,0,0,0,0,0,0,0,94.6163499298686,82.6387253645192,51.4818131505358,0
"30","rna-XM_069251977.1","NC_091149.1","LOC138310664","XM_022468287.1","LOC111124944","thioredoxin domain-containing protein 3 homolog","GO:0009058;GO:0016301;GO:0034641;GO:0042592;GO:0044281",35.6518842153596,22.812317401212,3.53492230915085,6.45341407989583,1.09358015015772e-10,1.44305032857769e-08,0,0,270.38949057011,0,0,0,0,0,0,0,94.6163499298686,82.6387253645192,51.4818131505358,0
"81","rna-XM_069262976.1","NC_091134.1","LOC138319844","XM_022436206.1","LOC111103154","glycoprotein 3-alpha-L-fucosyltransferase A-like","GO:0005575;GO:0006464;GO:0009058;GO:0016757",26.8339990096432,22.8165519071493,3.53504195690724,6.45439352213833,1.08653138775151e-10,1.44305032857769e-08,174.587033247165,69.7154355187905,0,0,0,0,0,0,0,0,68.1502380613739,0,63.2232793076755,0
"154","rna-XM_069275377.1","NC_091140.1","LOC138328533","XM_022472313.1","LOC111127227","protein KIBRA-like","GO:0003674",83.0184887651444,-22.8183492662923,3.53424431311233,-6.45635877000195,1.07252177239012e-10,1.44305032857769e-08,0,0,0,0,0,0,288.066477664054,0,0,377.973788769234,319.578300812074,176.64027546666,0,0
"155","rna-XM_069275466.1","NC_091134.1","LOC138328580","XM_022437351.1","LOC111103824","rho GTPase-activating protein 1-like","GO:0007165",69.6089037839819,-22.7815820947124,3.53426077272537,-6.44592562906579,1.14896996686998e-10,1.49983821481737e-08,0,0,0,0,0,281.08068481542,131.030238104136,230.264026106582,0,0,332.149703949609,0,0,0
"206","rna-XR_011207897.1","NC_091136.1","LOC138318641","XM_022476377.1","LOC111129876","rho-associated protein kinase 1-like","GO:0006464;GO:0016301;GO:0043167",84.9596111503568,-22.6446849391281,3.53429843159705,-6.40712304786768,1.48291138271334e-10,1.91516427512127e-08,0,0,0,0,0,0,494.11402765987,0,99.9757669382283,0,371.187218955638,224.157542551258,0,0
"174","rna-XM_069279322.1","NC_091142.1","LOC138331609","XM_022486588.1","LOC111136020","proline dehydrogenase 1, mitochondrial-like","GO:0006520;GO:0009056;GO:0009058;GO:0016491",66.1433438417167,-22.4995736612147,3.53436033222312,-6.36595353792419,1.9408018074879e-10,2.48014041504243e-08,0,0,0,0,0,366.722455970119,162.03739368603,0,0,0,103.879489083842,293.367475044043,0,0
"58","rna-XM_069259892.1","NC_091136.1","LOC138317919","XM_022475571.1",NA,NA,NA,35.3888905917503,-22.0824508369591,3.5345771833221,-6.2475508926938,4.16938453427254e-10,5.21817816969779e-08,0,0,0,0,0,79.053942604337,149.034392958139,0,0,153.551851687501,113.804281034527,0,0,0
"195","rna-XM_069284033.1","NC_091144.1","LOC138335107","XM_022484636.1","LOC111134993","transforming acidic coiled-coil-containing protein 1-like","GO:0000278;GO:0007010",80.3648911686002,-21.9830407682827,3.53460104806804,-6.21938387651933,4.99110845885831e-10,6.18286292760611e-08,0,0,0,0,0,229.476027837589,141.03254635636,0,0,0,383.758622093173,370.84128007328,0,0
"196","rna-XM_069284081.1","NC_091144.1","LOC138335140","XM_022483610.1",NA,NA,NA,31.7866856906794,-21.9315155867253,3.53466149469981,-6.20470039906547,5.48012012906444e-10,6.72006650170124e-08,0,0,0,0,0,139.44237098265,105.024236648353,0,99.9757669382283,0,100.57122510028,0,0,0
"12","rna-XM_069247377.1","NC_091147.1","LOC138306870","XM_022432660.1",NA,NA,NA,51.1563256982142,-21.8137561900316,3.53471027587734,-6.17129962217831,6.77309302627103e-10,8.22253493389303e-08,0,0,0,0,0,173.479485159517,0,0,0,152.567544945915,267.307729871797,0,122.83379979777,0
"85","rna-XM_069263476.1","NC_091134.1","LOC138320490","XM_022481682.1","LOC111133354","uncharacterized","GO:0003674",38.4195969014364,-21.7970341161084,3.53473606694676,-6.16652380921223,6.98075738756715e-10,8.39073214703616e-08,0,0,0,0,0,105.405256805783,0,0,0,211.625949441108,132.330559342474,0,88.5125910307457,0
"90","rna-XM_069264142.1","NC_091137.1","LOC138320865","XM_022471574.1","LOC111126739","death domain-containing protein 1-like","GO:0003674;GO:0007165",100.824483724546,-21.7910925769214,3.53468585572135,-6.16493048219536,7.05141120697903e-10,8.39256196595347e-08,0,0,0,0,0,0,0,0,334.970353143548,0,248.78145156385,0,356.759933236169,471.031034200083
"182","rna-XM_069280291.1","NC_091142.1","LOC138332269","XM_022485453.1","LOC111135412","protein UBASH3A homolog","GO:0003674",39.7965394929201,-21.7832298025484,3.53475021797501,-6.16259380698973,7.15629103211548e-10,8.43469642037689e-08,0,0,0,0,0,0,69.0159269403463,0,70.0861046577271,173.237986519232,244.811534783576,0,0,0
"43","rna-XM_069256014.1","NC_091135.1","LOC138315195","XM_022482947.1",NA,NA,NA,52.3149113343019,21.7817784054635,3.53637967472743,6.15934385131947,7.30469658395924e-10,8.52682851242934e-08,117.412332300725,0,0,0,0,0,0,0,0,0,76.7517244186347,0,213.152770237306,325.091931723561
"183","rna-XM_069280436.1","NC_091142.1","LOC138332357","XM_022483475.1","LOC111134457","matrix metalloproteinase-2-like","GO:0006950;GO:0008233;GO:0031012;GO:0043167",50.8666264960641,-21.7256722392156,3.53439458747168,-6.14692890155114,7.89975169813051e-10,9.13361767764804e-08,0,0,0,0,0,0,0,101.504142120453,0,396.675616859379,99.2479195068552,0,114.705092458211,0
"197","rna-XM_069284602.1","NC_091144.1","LOC138335490","XM_022485022.1","LOC111135189","uncharacterized","GO:0008150;GO:0043167",93.8363303999777,-21.5223912096433,3.53449443495018,-6.08924178712043,1.13446676447679e-09,1.2992855208253e-07,0,0,0,0,0,0,0,0,0,428.173432590148,297.082105723853,418.358547157878,0,170.094540127808
"25","rna-XM_069250977.1","NC_091148.1","LOC138309764","XM_022432840.1","LOC111100745","P2X purinoceptor 7-like","GO:0005575;GO:0007165;GO:0022857;GO:0043167",83.3888583390451,9.75817633032457,1.64625483366708,5.92750048823724,3.07580435714276e-09,3.48974438277693e-07,126.60112352426,460.728095602442,157.656568169406,29.3864233282197,29.364922007731,0,0,0,0,0,99.2479195068552,0,186.96026880984,77.4986957978768
"79","rna-XM_069262450.1","NC_091136.1","LOC138319359","XM_022473200.1","LOC111127901","kynurenine 3-monooxygenase-like","GO:0006520;GO:0009056;GO:0009058;GO:0016491;GO:0034641;GO:0043167",53.5122107599057,-8.9489752902253,1.54007252696439,-5.81074925598763,6.21938571754768e-09,6.99105024176193e-07,0,0,0,0,0,32.9391427518071,135.031161405025,90.225904107069,58.74864655133,147.646011237982,167.398157568229,34.0884742128642,83.0934528043735,0
"86","rna-XM_069263780.1","NC_091137.1","LOC138320649","XM_022452506.1","LOC111114212","coatomer subunit alpha-like","GO:0005198;GO:0005794;GO:0016192;GO:0031410;GO:0032991",340.928387402739,-11.464079388134,1.97923962541674,-5.79216343534968,6.94854744585204e-09,7.73902440299485e-07,0,0,0,0,0,991.468196829393,705.162731781799,0,477.203918478348,482.310303377408,1407.33549860721,0,361.275881758146,348.240892806044
"102","rna-XM_069267500.1","NC_091138.1","LOC138323124","XM_022458710.1","LOC111118977","zinc finger ZZ-type and EF-hand domain-containing protein 1-like","GO:0043167",270.130334746597,-11.4275997198427,1.98372787042254,-5.76066903642816,8.37811777480661e-09,9.24639543510475e-07,0,0,0,0,0,656.586912186021,147.033931307694,569.551019675873,0,1216.60313260097,573.652974749623,306.796267915777,311.600448016401,0
"10","rna-XM_069247089.1","NC_091146.1","LOC138306648","XM_022439552.1",NA,NA,NA,104.59471864001,-20.2206198190233,3.53578718417404,-5.71884527143758,1.07250401016819e-08,1.17299087238214e-06,0,0,0,0,0,0,0,0,149.448311402506,0,312.96177284495,0,286.311136293331,715.604840419356
"113","rna-XM_069269515.1","NC_091134.1","LOC138324435","XM_022438768.1","LOC111104689","spondin-1-like","GO:0030234",152.885352569931,-10.6467039324196,2.00970809978638,-5.29763697203154,1.17310901580468e-07,1.27156637963114e-05,0,0,0,0,0,867.397425797587,364.084020380957,0,92.7610208705211,183.081053935098,183.939477486038,0,226.700615803236,222.431321705595
"147","rna-XM_069274544.1","NC_091140.1","LOC138327994","XM_022469609.1","LOC111125628","E3 ubiquitin-protein ligase RBX1","GO:0043167",581.761013896863,1.32939668919991,0.254159697924071,5.23055661482985,1.69000408450181e-07,1.81563270671256e-05,595.229475924545,1026.53452879842,864.568277058032,861.248252927055,1032.28995057947,262.415170589396,354.081712128733,474.625849729894,407.11781382062,244.108071913464,435.367540236738,430.754355962556,388.371572890007,767.941621997143
"63","rna-XM_069260331.1","NC_091134.1","LOC138318170","XM_022477037.1",NA,NA,NA,355.764114435978,1.86928825702554,0.368921895222565,5.06689432433341,4.04358612774726e-07,4.30606452551331e-05,564.600171846095,264.716581245263,436.522218318516,429.493879412442,662.969585328389,98.8174282554213,224.05170484982,73.3085470869936,182.430007712025,66.9328584278853,514.10422304551,370.84128007328,625.910465145988,465.998651356065
"204","rna-XM_069286653.1","NC_091145.1","LOC138336990","XM_022441916.1","LOC111106992","alpha-aminoadipic semialdehyde synthase, mitochondrial-like","GO:0016491",126.007109200536,-10.0364805741509,2.00130915741421,-5.01495760261176,5.3045161360326e-07,5.59972399055963e-05,0,0,0,0,0,0,364.084020380957,53.5716305635722,192.736787808749,376.989482027648,355.307551834542,183.871163936055,237.538892255981,0
"129","rna-XM_069271587.1","NC_091139.1","LOC138325732","XM_022459466.1","LOC111119372","tyrosine-protein kinase SRK2-like","GO:0006464;GO:0016301;GO:0043167",223.914092539011,-11.7031408075887,2.33692489649721,-5.00792337191941,5.50204297444302e-07,5.75817256118433e-05,0,0,0,0,0,804.813054569153,0,818.612109138095,1366.67904082568,144.693091013223,0,0,0,0
"38","rna-XM_069254750.1","NC_091135.1","LOC138314425","XM_022452892.1","LOC111114545","tripartite motif-containing protein 59-like","GO:0043167",80.4529796614363,9.59460945659929,1.9509558248247,4.91790195068173,8.74767059961357e-07,8.99972212536515e-05,0,165.700455435966,123.751929853405,281.431515720258,146.824610038655,0,0,0,0,0,187.909394266312,117.76018364444,102.963626301072,0
"189","rna-XM_069281881.1","NC_091143.1","LOC138333478","XM_022475861.1",NA,NA,NA,74.7363106142872,-9.49136040136127,1.95146984857273,-4.86369820589494,1.15212540428259e-06,0.000117536154688997,0,0,0,0,0,234.965884962891,0,128.75988398613,218.503738050561,94.4934471923086,158.796671210968,117.76018364444,93.0285395527225,0
"8","rna-XM_069246724.1","NC_091146.1","LOC138306303","XM_022471645.1","LOC111126785","BTB/POZ domain-containing protein 6-like","GO:0003674",102.749500947546,-9.63358505168513,2.00743935789361,-4.79894200230964,1.59505971279256e-06,0.000161366874277514,0,0,0,0,0,0,63.0145419890118,384.399945622825,68.0247486383821,231.312084272839,207.097325370971,0,197.798545262585,286.845822109025
"175","rna-XM_069279358.1","NC_091142.1","LOC138331636","XM_022489002.1",NA,NA,NA,93.433172739633,-9.22527023981708,1.97532461230797,-4.67025529998245,3.00825633966937e-06,0.000301820098872613,0,0,0,0,0,0,286.066016013609,219.925641260981,56.6872905319851,0,313.623425641662,144.617769387909,173.41242324391,113.731852274806
"39","rna-XM_069254823.1","NC_091135.1","LOC138314468","XM_022454850.1","LOC111115926","uncharacterized","GO:0003674",63.0023602540874,-9.13894277719464,1.97049814797955,-4.63788447939688,3.51993417568014e-06,0.000347414641404528,0,0,0,0,0,234.965884962891,112.02585242491,0,0,183.081053935098,127.698989765487,79.5397731633497,72.2551763516292,72.4663129538588
"130","rna-XM_069271647.1","NC_091139.1","LOC138325766","XM_022458676.1","LOC111118945","RB1-inducible coiled-coil protein 1-like","GO:0006914;GO:0007005;GO:0022607",579.586966927208,-0.954474822082988,0.207580045209434,-4.59810489548736,4.26351335107659e-06,0.000417411710339272,374.698486559705,322.307593195568,316.160752296712,354.897574040808,404.332387644912,738.934769065539,860.198509691272,697.371050494221,345.277133240273,791.382620235584,802.584842412102,724.121831006599,703.584779723989,678.365207373623
"128","rna-XM_069271508.1","NC_091134.1","LOC138325684","XR_002638750.1",NA,NA,NA,639.27209038916,1.0465910109272,0.227812914313716,4.59408113047515,4.3466026004505e-06,0.000418791710868803,777.98432359263,681.998825727299,856.092117479032,464.531537996089,1057.13719227832,380.996084495902,314.072479119837,338.347140401509,506.062902749176,318.915384274042,648.419740778121,697.264245263131,926.672636709644,981.314654583505
"134","rna-XM_069271985.1","NC_091139.1","LOC138325959","XM_022463959.1",NA,NA,NA,267.240490138957,-11.4436361882513,2.49094926528095,-4.5940864182798,4.34649239795933e-06,0.000418791710868803,0,0,0,0,0,1726.01108019469,0,0,526.676462942625,366.162107870196,596.149169837843,436.952260364895,89.4157807351411,0
"5","rna-XM_069245569.1","NC_091145.1","LOC138305155","XM_022440881.1","LOC111106271","uncharacterized","GO:0003674",42.6913687506016,-8.7017609116616,1.90353513893596,-4.57136867803014,4.84548910888852e-06,0.000463182974660682,0,0,0,0,0,88.9356854298791,78.018004367348,71.4288407514297,77.3008507254343,75.7916191021642,127.698989765487,0,0,78.5051723666804
"53","rna-XM_069257717.1","NC_091135.1","LOC138316165","XM_022481719.1",NA,NA,NA,81.5016521809026,-9.35168083664743,2.05390512039169,-4.55312212029736,5.28555697560846e-06,0.000497415982045634,0,0,0,0,0,76.8579997542165,0,269.737859153425,194.798143828094,72.8386988774045,0,373.940232274449,80.3838836911874,72.4663129538588
"168","rna-XM_069277921.1","NC_091141.1","LOC138330353","XM_022475619.1","LOC111129323","4-coumarate--CoA ligase-like","GO:0003674",60.1919569598669,9.00018945314083,1.97780163794037,4.55060268961725,5.34924723896175e-06,0.000499537396007659,0,192.980408465058,0,79.1172935759762,203.295613899676,0,0,0,0,0,74.1051132317852,75.4078368951238,75.8679351692106,141.913196201307
"51","rna-XM_069257218.1","NC_091135.1","LOC138315893","XM_022484317.1",NA,NA,NA,59.6053096512502,-8.88630484270553,1.97859802593047,-4.49121283163445,7.08187388871545e-06,0.000656289687091646,0,0,0,0,0,40.6249427272287,121.027929851912,68.6092812480838,110.282547034953,104.336514608174,157.473365617544,0,232.119754029609,0
"163","rna-XM_069276655.1","NC_091141.1","LOC138329576","XM_022438086.1","LOC111104244","thymidylate synthase-like","GO:0008168;GO:0009058;GO:0034641;GO:0044281",276.50998967372,10.7450392547672,2.43517414908254,4.41243155394672,1.02216114020115e-05,0.000940078503184995,0,909.331767636398,304.294128886111,0,379.485145946063,0,0,0,0,0,297.743758520566,837.750078382813,1142.53497606014,0
"151","rna-XM_069275175.1","NC_091140.1","LOC138328389","XM_022431634.1","LOC111100046","carbohydrate sulfotransferase 8-like","GO:0003674;GO:0005575;GO:0005975;GO:0009058",150.424994081968,-10.6850904951791,2.46568429535248,-4.33351930550038,1.4674440570655e-05,0.00132946051140113,0,0,0,0,0,689.526054937828,476.109872805867,0,96.8837329092109,285.448955060099,257.382937921111,300.598363513439,0,0
"74","rna-XM_069261397.1","NC_091136.1","LOC138318742","XM_022476011.1","LOC111129556","nephrocystin-1-like","GO:0003674;GO:0005623;GO:0005929",46.847264364335,-8.43218508994191,1.95408205739505,-4.31516427779021,1.59484257689865e-05,0.00143417695433701,0,0,0,0,0,0,115.026544900577,110.902673798272,51.5339004836228,47.2467235961543,78.7366828087718,70.2429165598413,0,182.172258953451
"167","rna-XM_069277821.1","NC_091141.1","LOC138330316","XM_022453385.1","LOC111114843","transcription initiation factor TFIID subunit 11-like","GO:0003674;GO:0005634;GO:0009058;GO:0034641",277.900066546087,0.738990831057768,0.173113606864625,4.26882002196198,1.96509742448655e-05,0.00174133450607786,274.642759903435,359.691232531731,336.503535286313,362.809303398405,469.838752123697,249.239513488674,205.047319170594,207.707550079815,218.503738050561,199.814268542069,211.067242151245,248.949160160614,217.668718759283,329.117837998776
"19","rna-XM_069249510.1","NC_091148.1","LOC138308503","XM_022481758.1",NA,NA,NA,812.108023441388,-1.42674539384771,0.335259024602971,-4.25565097177423,2.08441657409909e-05,0.00183368240649007,823.928279710305,436.479248465471,257.67525120161,490.527220171052,597.463220849605,1558.02145216048,2198.50735383886,643.799419930649,1548.07837052803,1056.16113372237,504.179431094824,423.523467493161,406.435366977914,424.733112035117
"11","rna-XM_069247136.1","NC_091146.1","LOC138306687","XM_022479533.1","LOC111131816","beta-1,3-galactosyltransferase brn-like","GO:0005575;GO:0006464;GO:0009058;GO:0016757",123.293162211709,-10.5392830703227,2.49080285056844,-4.23127951211293,2.32365702010905e-05,0.0020294385772751,0,0,0,0,0,0,190.043856792258,74.2484002547756,239.11729824401,895.719134843759,0,151.848657857304,0,175.126922971826
"21","rna-XM_069249791.1","NC_091148.1","LOC138308775","XM_022438204.1","LOC111104302","tyrosine-protein kinase JAK2-like","GO:0005856;GO:0006464;GO:0016301;GO:0043167",119.121715832399,-10.3373274054062,2.44869751221879,-4.22156160727236,2.42615623450302e-05,0.00210382404906191,0,0,0,0,0,140.54034240771,447.103178874417,0,300.957978824357,327.77414494832,314.946731235087,0,136.3816453637,0
"27","rna-XM_069251667.1","NC_091149.1","LOC138310444","XM_022468144.1","LOC111124887","armadillo repeat-containing protein 4-like","GO:0003674",2074.81362916108,-1.76172846492332,0.418476249976431,-4.20986487291105,2.55523468309753e-05,0.00220003893991518,538.054774978105,629.459656930529,1588.43230510466,266.738304056148,568.098298841874,2635.13142014457,1691.39032545109,2114.66962750943,3342.48878536778,2397.77122250483,4362.27688872464,3760.06200408562,3699.46502920341,1453.35216535239
"54","rna-XM_069257960.1","NC_091135.1","LOC138316309","XM_022489833.1","LOC111138048","uncharacterized","GO:0006464;GO:0006520;GO:0016301;GO:0043167",151.320552731221,10.3397101351337,2.45981857950488,4.20344419758586,2.62883982635101e-05,0.00224747292196488,393.076069006775,190.959671203644,329.722607623112,0,289.131539768429,0,0,0,0,0,606.735614585241,308.86223604989,0,0
"28","rna-XM_069251710.1","NC_091149.1","LOC138310482","XM_022471453.1",NA,NA,NA,64.5324290464654,7.69695312944366,1.84613347942324,4.16922893996175,3.05631865308398e-05,0.0025946649264643,0,100.026494440004,0,42.9493879412442,49.6944833976987,0,0,0,0,0,215.698811728232,131.188976516174,153.542249747212,210.353602879951
"24","rna-XM_069250680.1","NC_091148.1","LOC138309474","XM_022466019.1","LOC111123556","glutamate-rich protein 3-like","GO:0003674",204.797775194508,-10.1419077916244,2.4405785006357,-4.15553434932857,3.24528181987449e-05,0.00271708422712251,0,0,0,0,0,0,280.064631062275,235.903145113274,0,546.290241580534,973.291263963893,245.850207959445,0,585.769363043692
"34","rna-XM_069254072.1","NW_027188383.1","LOC138313772","XM_022446460.1","LOC111110102","optineurin-like","GO:0003674",33.0562706717657,-8.22321533490327,1.9786412622393,-4.15599102871067,3.23880532930553e-05,0.00271708422712251,0,0,0,0,0,98.8174282554213,57.0131570376774,17.8572101878574,0,107.289434832934,91.3080859463068,73.3418687610108,17.1606043835119,0
"169","rna-XM_069278028.1","NC_091141.1","LOC138330422","XM_022442550.1",NA,NA,NA,10720.6337254288,0.432009411754029,0.104461250157387,4.13559488425748,3.54036289955038e-05,0.0029438360000371,11052.0738883074,10957.4478000186,14340.8143917106,11743.266860777,12181.9249528995,8962.74074276671,9224.12867020106,9419.20844751089,9585.30548995385,7488.60568999046,9345.84575356219,11458.8922558576,12136.1600579605,12192.4571544868
"57","rna-XM_069259066.1","NC_091136.1","LOC138317419","XM_022471737.1",NA,NA,NA,122.243641133356,-10.2722440848392,2.48507776828367,-4.13357047249823,3.57170709408416e-05,0.00294969551851576,0,0,0,0,0,0,326.075249022506,0,152.540345431524,684.093185402651,172.029727145216,0,121.027420388979,255.645048476113
"106","rna-XM_069267985.1","NC_091134.1","LOC138323381","XM_022432415.1",NA,NA,NA,205.83066134814,-9.97024985107736,2.41624747658608,-4.12633637393978,3.68588036812089e-05,0.00302341808574241,0,0,0,0,0,378.800141645781,0,0,182.430007712025,381.911015735581,561.7432244088,555.745428076392,820.999441295386,0
"107","rna-XM_069268119.1","NC_091138.1","LOC138323476","XM_022458870.1","LOC111119059","60S ribosomal protein L34-like","GO:0003735;GO:0005840;GO:0006412;GO:0042254",5928.48907716467,0.655566315145538,0.159098743661317,4.12049963474936,3.78051666508828e-05,0.00308023304121958,6072.77002195402,5450.93876266485,8417.67407790522,7980.67442771383,8596.01620772465,4614.77389952817,4676.07910791477,4647.57391468184,5066.8130955498,4177.39781129331,4593.85536757397,5108.10621159434,6101.94964289508,7494.22453131157
"60","rna-XM_069260175.1","NC_091136.1","LOC138318087","XM_022475693.1","LOC111129357","tectonin beta-propeller repeat-containing protein 2-like","GO:0003674",152.880757686599,-10.1520976172496,2.4705442295321,-4.10925556235532,3.9693661469225e-05,0.00321254033490927,0,0,0,0,0,204.222685061204,457.105487126641,0,0,408.487297758417,606.073961788529,253.08109642884,0,211.360079448755
"1","rna-XM_069245065.1","NC_091145.1","LOC138304790","XM_022474346.1","LOC111128615","uncharacterized","GO:0006464;GO:0043167",716.791142774183,-1.86765457061467,0.457316657590049,-4.08394170563733,4.42781429637195e-05,0.00353642536565496,229.719780588375,287.955059751526,284.798961854411,505.220431835162,609.886841699029,731.248969090117,2829.6530045542,388.159358293953,1145.0832687461,1901.68062474521,239.518312409877,278.905698105252,322.438724469145,280.806962696203
"143","rna-XM_069274153.1","NC_091140.1","LOC138327778","XM_022468517.1","LOC111125061","arachidonate 5-lipoxygenase-like","GO:0006520;GO:0006950;GO:0016491;GO:0034641;GO:0043167",129.770002321855,10.0316664234002,2.47947761761287,4.04587899972989,5.21271546991303e-05,0.0041092445327756,0,0,250.894323538409,265.608057005063,455.156291119831,0,0,0,0,0,92.6313915397315,0,293.536653928493,458.953315374439
"187","rna-XM_069281516.1","NC_091134.1","LOC138333234","XM_022437425.1","LOC111103866","titin homolog","GO:0005856;GO:0007010;GO:0008092;GO:0016887;GO:0032991;GO:0043167",94.4574939804636,-9.98290968238528,2.46673072654864,-4.04702044489185,5.18737120635427e-05,0.0041092445327756,0,0,0,0,0,458.952055675179,0,221.805347596545,0,270.684353936301,103.879489083842,170.442371064321,96.641298370304,0
"55","rna-XM_069258900.1","NC_091136.1","LOC138317321","XM_022477194.1","LOC111130302","glia maturation factor beta-like","GO:0005622;GO:0007010;GO:0008092;GO:0065003",143.745605326004,-0.818052699371296,0.203786028605206,-4.01427273974757,5.96293647956616e-05,0.00467032573302795,117.412332300725,100.026494440004,76.2854362110029,110.764211006367,94.8712864865157,138.34439955759,154.035547084251,219.925641260981,161.816447518576,203.751495508415,172.029727145216,190.069068338394,155.348629156003,117.757758550021
"170","rna-XM_069278058.1","NC_091141.1","LOC138330435","XM_022479670.1",NA,NA,NA,1329.18703487276,-0.369357718880007,0.0921994839149467,-4.0060714355054,6.17369846968929e-05,0.00480440380910435,1240.48681517723,1294.28221593581,1151.91008678614,1134.76803928972,1181.37340077256,1722.71716591951,1493.34462205706,1711.47261853097,1430.58107742537,1396.73126631131,1331.907079782,1280.90024315005,1225.62842886451,1012.51542821642
"120","rna-XM_069270616.1","NC_091139.1","LOC138325148","XM_022450919.1",NA,NA,NA,100.255028115906,10.0234392154857,2.51127364518057,3.99137674013417,6.56908283893575e-05,0.00507953284488408,0,236.426259585464,77.9806681268029,94.9407522911714,556.804098069669,0,0,0,0,0,115.127586627952,322.291028921625,0,0
"200","rna-XM_069285342.1","NC_091145.1","LOC138336060","XM_022445740.1","LOC111109564","DNA replication licensing factor mcm2-like","GO:0003677;GO:0005634;GO:0006259;GO:0009058;GO:0032991;GO:0043167;GO:0051276",776.617439760035,-0.470900255638603,0.118128602069792,-3.98633563241856,6.71015744992104e-05,0.00513539008472615,796.3619060397,667.853664897399,718.778332299227,602.421678228505,607.628001544588,1007.9377682053,870.200817943497,801.69475211802,933.794276763246,1092.58048316107,768.840549779771,660.076818849097,749.647454648152,594.827652162925
"42","rna-XM_069255849.1","NC_091135.1","LOC138315105","XM_022483321.1","LOC111134366","Bardet-Biedl syndrome 4 protein-like","GO:0003674",848.2769053593,-0.433991788266599,0.108973015500026,-3.98256197899282,6.81763375516335e-05,0.00517287961173019,649.34124646314,671.895139420228,860.330197268532,734.660583205493,732.993630116055,951.941225527225,1012.23359512508,897.559775231781,1056.44495991427,1014.82025057573,1012.32877896992,766.474177755915,755.96978257892,758.883332877911
"69","rna-XM_069261175.1","NC_091136.1","LOC138318631","XM_022478731.1","LOC111131285","orexin receptor type 2-like","GO:0003674;GO:0005575;GO:0007165",207.77765205212,0.559033738001784,0.140778216071915,3.9710244496649,7.15642336247597e-05,0.00539620991431418,222.57294297007,196.011514357179,298.360817180811,244.133363034441,263.154877992359,171.283542309397,156.036008734696,152.256213180679,181.399329702352,171.269373036059,226.946909272342,175.607291399603,220.378287872469,229.47665768722
"119","rna-XM_069270551.1","NC_091139.1","LOC138325114","XM_022459746.1","LOC111119530","uncharacterized","GO:0003674",93.1579513135088,-9.8546699348894,2.48334627317787,-3.96830278617515,7.23863257071201e-05,0.00542450613632369,0,0,0,0,0,298.648227616384,79.0182351925704,0,365.890693433722,126.975569664665,189.89435265645,243.784239825332,0,0
"176","rna-XM_069279405.1","NC_091142.1","LOC138331673","XM_022486642.1",NA,NA,NA,574.586227827101,-1.42130582702221,0.358454097646275,-3.96509856172649,7.33656261370669e-05,0.00546416381168094,265.4539686799,201.063357510715,286.494193770211,448.708079280894,403.202967567692,1235.21785319277,629.145189064896,1127.82380133836,624.590873861509,680.155958436305,602.765697804967,206.596813411298,788.484611937153,544.503823722745
"125","rna-XM_069271406.1","NC_091134.1","LOC138325618","XM_022438641.1",NA,NA,NA,354.696367113867,-2.21952470538038,0.560412303268024,-3.96052101718199,7.47864100617794e-05,0.00553601840335367,55.13274734121,126.296078838389,199.189750106507,54.251858452098,330.920082625584,333.783313218312,1555.35893322085,296.993601019102,642.112400025941,738.230056189911,119.759156204939,172.508339198434,131.865696841723,209.347126311148
"3","rna-XM_069245211.1","NC_091145.1","LOC138304866","XM_022432626.1","LOC111100583","ceruloplasmin-like","GO:0043167",915.418764397321,-1.83938226788712,0.466130349317897,-3.94606845612766,7.9444908784243e-05,0.00584521934933764,296.08327275835,325.338699087689,524.67427794012,510.871667090589,725.087689575513,731.248969090117,3607.83258657723,473.685996562113,2057.23330730622,1653.6353258654,318.916648015361,569.174220948126,550.042529976777,472.037510768886
"193","rna-XM_069283781.1","NC_091144.1","LOC138334920","XM_022434902.1","LOC111102241","probable tRNA(His) guanylyltransferase","GO:0006399;GO:0016779;GO:0043167",132.477481208731,-9.65865761477088,2.45852376480033,-3.92864114354222,8.54272063252228e-05,0.00624750773968798,0,0,0,0,0,0,0,85.5266382681592,396.811033723896,277.574501127407,389.713497263585,421.457499359048,283.601567180144,0
"16","rna-XM_069248597.1","NC_091147.1","LOC138307742","XM_022487465.1",NA,NA,NA,89.3565095549946,-9.82955379624238,2.50434807756161,-3.92499504534252,8.67315230873909e-05,0.00630491431305944,0,0,0,0,0,285.472570515661,59.0136186881222,0,156.663057470213,354.350426971157,79.3983356054841,316.093124519286,0,0
"140","rna-XM_069273788.1","NC_091140.1","LOC138327589","XM_022467491.1",NA,NA,NA,155.024663503526,-9.42883179274476,2.41995221158615,-3.89628842569774,9.76780582575871e-05,0.00705840254313755,0,0,0,0,0,261.317199164336,116.0267757258,0,0,270.684353936301,512.780917452085,558.844380277561,450.691662493287,0
"156","rna-XM_069275733.1","NC_091141.1","LOC138329035","XM_022486314.1","LOC111135876","uncharacterized","GO:0003674;GO:0006259",60.1359249616042,9.8248428928275,2.52558795148441,3.89012106549407,0.000100194222635984,0.00715504625176965,144.97870597133,0,173.761271369507,330.032138916929,193.130833204693,0,0,0,0,0,0,0,0,0
"20","rna-XM_069249524.1","NC_091148.1","LOC138308512","XM_022453199.1","LOC111114718","60S acidic ribosomal protein P1-like","GO:0003735;GO:0005840;GO:0006412;GO:0042254",11347.0599267819,0.589376517758193,0.152028973137563,3.87673813480867,0.000105866191729751,0.00751588051227587,11816.785513466,11951.6505326344,17981.3249308913,12956.0219465916,12677.7403667993,9112.0648565749,9344.15636922775,10040.4513914148,9380.20056602903,6909.83332593757,9179.77090158739,11546.6959015574,11924.813667132,14037.3287051037
"108","rna-XM_069268187.1","NC_091138.1","LOC138323533","XM_022457515.1","LOC111118182","histone H2A.V","GO:0003677;GO:0005634;GO:0005694;GO:0032991",9682.96118413525,0.413430239223886,0.106927791481261,3.86644326509204,0.000110434139841528,0.00779459568416365,11184.8008726473,10281.5111860755,11528.4246433983,11860.8125540899,10163.6512749066,7875.74903195707,9226.12913185151,7730.2923050067,9358.55632782591,7120.47496863709,7867.71340570677,10253.3998496027,9988.37494090834,11121.5660852797
"37","rna-XM_069254714.1","NC_091135.1","LOC138314401","XM_022453304.1","LOC111114820","SWI/SNF-related matrix-associated actin-dependent regulator of chromatin subfamily D member 1-like","GO:0000228;GO:0003674;GO:0032991",69.2369875502377,9.46242714339014,2.45292692614299,3.85760661784938,0.00011450273760229,0.00803504759821853,123.538193116415,151.555294606066,152.570872422006,227.17965726816,0,0,0,0,0,0,242.164923596727,72.3088846939543,0,0
"66","rna-XM_069260651.1","NC_091136.1","LOC138318358","XM_022473532.1","LOC111128090","protein cornichon homolog 4-like","GO:0016192",51.7973424800738,-9.28991932830792,2.41180629466741,-3.85185134844712,0.000117228181027013,0.00817902366475825,0,0,0,0,0,0,116.0267757258,264.098740146733,146.356277373489,62.0113247199525,0,0,72.2551763516292,64.4145004034301
"15","rna-XM_069248251.1","NC_091147.1","LOC138307477","XM_022466232.1","LOC111123703","tripartite motif-containing protein 2-like","GO:0043167",105.49558044341,9.52636583457175,2.48615240026142,3.831770664409,0.000127224306301619,0.0088257318771523,404.30681383554,0,0,211.356198552965,68.8946247104459,0,0,0,0,0,267.969382668509,0,228.506995212027,295.904111228257
"95","rna-XM_069264672.1","NC_091137.1","LOC138321182","XM_022467454.1",NA,NA,NA,479.599501179481,-1.2906154927304,0.337398238197731,-3.82519926489371,0.000130666354715603,0.00891173902386192,211.342198141305,240.467734108292,294.970353349211,400.107456084223,422.403108880439,488.597284151805,1185.27352788856,375.001413945006,1078.08919811739,710.669467425488,249.443104360563,283.037634373478,343.212087670238,431.778448016742
"105","rna-XM_069267807.1","NC_091138.1","LOC138323303","XM_022457754.1","LOC111118348","40S ribosomal protein S15Aa","GO:0003735;GO:0005840;GO:0006412;GO:0042254",9073.24806711266,0.525988980539501,0.137503992674262,3.82526332733867,0.000130632379714097,0.00891173902386192,9333.76992950633,10566.4351399349,12668.4681067739,11280.9958168831,9562.79979382533,7469.49960468479,6347.46481686141,8015.06781484463,7752.75998875622,7510.26043830536,6579.47541050779,8850.60748654001,10102.1768436622,10985.6917484912
"144","rna-XM_069274287.1","NC_091140.1","LOC138327861","XM_022471182.1",NA,NA,NA,937.724862485166,-0.490040218885901,0.128742724454361,-3.80635271595188,0.000141031214448642,0.00956491029836044,707.536924212195,971.974622740239,770.482905731129,802.475406270616,597.463220849605,1012.32965390554,1166.26914220933,1045.11672257355,1039.95411175951,1144.74874046516,1024.23852931075,1000.96156097774,1058.53833355137,786.058200235608
"67","rna-XM_069260816.1","NC_091136.1","LOC138318457","XM_022478636.1","LOC111131216","ubiquitin-40S ribosomal protein S27a","GO:0003735;GO:0005840;GO:0006412;GO:0042254",13895.6257632965,0.584198690142132,0.153805710136783,3.79828999601244,0.000145697799220493,0.00982650712520439,14374.3324040166,14463.4269485723,21114.1135112898,16650.7995565897,16462.4270455649,11402.4332492506,11156.5746245308,12487.829040319,11571.4220145927,8788.87489562629,10075.6487883359,14438.0183052486,14734.636837506,16818.2234647081
"23","rna-XM_069250545.1","NC_091148.1","LOC138309366","XM_022475787.1","LOC111129410","60S ribosomal protein L11-like","GO:0003735;GO:0005840;GO:0006412;GO:0042254",13208.4844337918,0.607718436342085,0.160135874939841,3.79501742860799,0.000147633085033664,0.00990202017850099,14586.6955789605,13391.425831392,18283.9238278616,15946.6556437635,15085.6639714332,11808.6826765228,9343.15613840253,11184.2526966054,10069.7241544999,8318.37627314792,9300.19171058904,14950.3784025086,16030.7140633133,16618.941104085
"18","rna-XM_069249353.1","NC_091147.1","LOC138308361","XM_022490299.1","LOC111138369","myosin-VIIa-like","GO:0005856;GO:0008092;GO:0032991;GO:0043167",233.620580747829,11.2407563955596,2.96929878731073,3.7856602520423,0.000153301003992311,0.0102256823542124,0,858.813336101043,953.567952637536,434.014867616784,0,0,0,0,0,0,566.374793985787,0,457.91718012845,0
"40","rna-XM_069254984.1","NC_091135.1","LOC138314580","XM_022484345.1",NA,NA,NA,58.6236588016706,9.04749415144352,2.44934911618445,3.69383608553832,0.000220896222713701,0.0146539898565264,123.538193116415,94.9746512864683,80.523516000503,192.141998684514,0,0,0,0,0,0,159.458324007681,0,0,170.094540127808
"35","rna-XM_069254560.1","NC_091135.1","LOC138314294","XM_022435462.1","LOC111102640","putative ribonuclease","GO:0008233;GO:0034641;GO:0042254",92.0882389322513,1.16814763269313,0.31737559173568,3.68064735635371,0.000232642567072339,0.0153493519796641,95.97181944581,118.213129792732,127.990009642905,117.545693312879,133.27156911201,37.331028452048,38.0087713584516,93.045463610415,53.5952565029678,41.340883146635,102.556183490417,65.0779962245589,144.510352703258,120.777188256431
"181","rna-XM_069280278.1","NC_091142.1","LOC138332260","XM_022489606.1","LOC111137903","60S acidic ribosomal protein P2-like","GO:0003735;GO:0005840;GO:0006412;GO:0042254",10833.8442004746,0.661504419614491,0.180419702368378,3.66647550644909,0.000245916461579331,0.0160506765783499,11022.4655610315,10589.6736184412,16297.1120225439,15999.7772551646,12717.270069502,8426.93068733731,7565.74596198231,9099.65837046503,10063.5400864419,6966.92311694959,7308.61679248482,10630.4390340783,12128.9345403253,12856.7316898971
"149","rna-XM_069274814.1","NC_091140.1","LOC138328154","XM_022469655.1",NA,NA,NA,248.121886547169,-1.75617981658513,0.479729065032703,-3.66077426737822,0.000251454224565539,0.0163243544717949,110.26549468242,35.3629020747488,196.646902232807,108.503716904196,216.848654826321,323.90157039277,850.196201439048,215.226375422071,461.743748333261,404.550070792071,134.315517732611,104.331390772705,204.120873193352,107.692992861985
"76","rna-XM_069261858.1","NC_091136.1","LOC138318985","XM_022473107.1",NA,NA,NA,61.5425917180606,9.12401701809805,2.50181417181802,3.64696032218404,0.000265360881255871,0.0171355377576929,0,71.7361727802048,0,191.011751633428,255.248937451816,0,0,0,0,0,0,165.277450729038,77.6743145780013,100.64765688036
"115","rna-XM_069269742.1","NC_091139.1","LOC138324696","XM_022458805.1","LOC111119016","sperm flagellar protein 2-like","GO:0016301;GO:0034641;GO:0043167",963.74734741245,-0.691450936772073,0.190310191523586,-3.63328380491056,0.000279836928583923,0.0178447513427051,699.369109791275,702.206198341441,862.873045142232,669.106254242542,740.899570656598,948.647311252044,1499.34600700839,1103.38761897603,1194.55581321038,1189.04254383655,1218.10279874747,1198.26151778553,851.707891244829,614.957183538997
"188","rna-XM_069281773.1","NC_091143.1","LOC138333415","XM_022477814.1","LOC111130646","60S ribosomal protein L36-like","GO:0003735;GO:0005840;GO:0006412;GO:0042254",5954.89605669413,0.720504907823475,0.198352853940309,3.63244033806692,0.000280753501355574,0.0178447513427051,6622.05554176089,4923.52633743574,8975.40537820344,6861.72984713931,8451.45043784044,4580.73678535131,4476.03294287028,4969.94355123105,4110.34390257376,3610.43712813946,4351.69044397724,5775.41391891283,7023.20314137835,8636.57543690365
"159","rna-XM_069276274.1","NC_091141.1","LOC138329349","XM_022444651.1","LOC111108643","uncharacterized","GO:0000003;GO:0003700;GO:0005622;GO:0009058;GO:0032991;GO:0034641",45.463758970981,8.77754133187982,2.43055072300128,3.61133847107753,0.000304620789780595,0.0192609186871689,0,171.762667220209,72.8949723794027,81.377787678147,81.3182455598706,0,0,0,0,0,87.3381691660326,0,141.800783590072,0
"82","rna-XM_069262996.1","NC_091134.1","LOC138319868","XM_022480291.1","LOC111132480","protein deadpan-like","GO:0003677;GO:0009058;GO:0034641",509.560833577291,0.35102551445642,0.0984456959119095,3.56567660175333,0.000362918677612724,0.0227104780732911,572.767986267015,497.101366307898,604.350177982723,615.984642841529,591.816120463502,436.992627173974,471.108718679755,452.069373703127,387.534931636844,510.855198883418,517.412487029072,545.415587405827,497.657527121846,432.784924585546
"160","rna-XM_069276279.1","NC_091141.1","LOC138329352","XM_022487472.1","LOC111136547","cytochrome P450 3A13-like","GO:0016491;GO:0043167",434.263497086171,0.468195876024069,0.131363815051328,3.56411600744945,0.000365084475853514,0.0227288489069829,491.089842057815,436.479248465471,485.683943876718,434.014867616784,513.886135135293,330.489398943131,418.096484942967,338.347140401509,297.86594479534,321.868304498801,501.532819907975,392.533945481466,513.914941800962,603.885941282157
"49","rna-XM_069257006.1","NC_091134.1","LOC138315754","XM_022467259.1",NA,NA,NA,2112.04301994682,0.402940347780153,0.113537072991022,3.54897600550278,0.000386732318630689,0.023953726266207,2444.21846546031,2342.03448597908,2213.12526607698,2480.8922771324,2695.92572432515,2066.38222196336,1817.41940942912,1413.53916434408,1750.09126042383,2161.53760452406,2201.98050745876,1783.96348380656,2072.82037158736,2124.67203674439
"139","rna-XM_069273740.1","NC_091140.1","LOC138327560","XM_022471639.1","LOC111126780","oral-facial-digital syndrome 1 protein-like","GO:0003674",1303.00615833469,-0.486084376754088,0.13769765524814,-3.53008463272765,0.00041542675518182,0.0256004101924228,1036.29145465423,1036.63821510549,1218.87174746025,802.475406270616,1043.58415135167,1260.47119596915,1842.42518005968,1450.19343788758,1269.79530791647,1376.06082473799,1640.23728304996,1557.73997312119,1453.23223437214,1254.06980472928
"192","rna-XM_069283504.1","NC_091144.1","LOC138334780","XM_022487266.1","LOC111136425","60S ribosomal protein L26-like","GO:0003735;GO:0005840;GO:0006412;GO:0042254",9179.15149063991,0.453371000170766,0.128664150110831,3.52367772825791,0.000425601557391949,0.0260949641754457,8965.19730376232,8573.98820018053,13061.7619112395,11139.7149354974,10947.4688084976,7590.27646144141,7676.771583582,8752.85255155348,7949.61948860366,6511.18909559501,8095.32196777582,8686.36301987802,10329.7806491698,10227.8148921821
"71","rna-XM_069261228.1","NC_091136.1","LOC138318657","XM_022476843.1","LOC111130121","serine palmitoyltransferase 2-like","GO:0009058;GO:0043167",1084.29046533554,-0.626498964266902,0.178724352297977,-3.50539227705454,0.000455934964627045,0.0278143239727253,972.990892892095,853.761492947507,695.045085478026,834.122323701006,861.747518919184,1194.59291046554,1560.36008734696,1009.40230219783,1302.77700422599,1442.99368316588,1476.80904226201,857.376775656887,1254.53049940516,863.556896033485
"152","rna-XM_069275233.1","NC_091140.1","LOC138328427","XM_022468568.1","LOC111125097","alpha-N-acetylgalactosaminidase-like","GO:0005975;GO:0016798",377.289917048182,0.570816437998599,0.162986530039795,3.50223075403364,0.000461379840363896,0.0280057563100885,485.98495804474,365.753444315974,450.931689602817,440.796349923296,362.543844787756,335.979256068432,234.054013102044,305.45227952914,282.405774650253,260.841286520435,394.345066840571,535.085746735262,496.75433741745,331.130791136383
"145","rna-XM_069274328.1","NC_091140.1","LOC138327883","XM_022468512.1",NA,NA,NA,139.852963545436,10.5142611196526,3.01345174005209,3.48910884481956,0.000484633767746633,0.0292709151265877,0,0,588.245474782622,382.023503266857,387.391086486606,0,0,0,0,0,327.518134372622,0,272.7632907274,0
"146","rna-XM_069274515.1","NC_091140.1","LOC138327981","XM_022467108.1","LOC111124252","uncharacterized","GO:0003735;GO:0005840;GO:0006412;GO:0042254",7498.4696300933,0.599462009817536,0.171880712696842,3.48766304497963,0.000487261731583181,0.0292839476307912,8628.27495889936,7179.67948980472,10620.6279524874,8257.58495522975,9147.17320540822,6288.08235131997,6056.39764672169,6267.88077593795,5952.16550585844,4366.38470567793,5322.996749551,7806.26059474589,9177.3105863613,9907.75534330259
"84","rna-XM_069263409.1","NC_091134.1","LOC138320442","XM_022487604.1","LOC111136624","60S ribosomal protein L22-like","GO:0003735;GO:0005840;GO:0006412;GO:0042254",6210.6097198255,0.580793007840152,0.167192423128978,3.47379981084495,0.000513143728011693,0.0302571797604821,6408.67139001435,5601.48368864021,9049.14796654074,8064.31270949415,6810.40306563916,4688.33798500721,4721.08949504977,5607.16399898723,5226.56818704903,3782.6908079171,4906.81714041892,6599.73520442391,7547.05316992767,7935.06126844754
"131","rna-XM_069271689.1","NC_091139.1","LOC138325786","XM_022457605.1","LOC111118248","40S ribosomal protein S12-like","GO:0003735;GO:0005840;GO:0006412;GO:0042254",11769.0091245063,0.673712276374464,0.193847811408984,3.47547011997496,0.000509958799449829,0.0302571797604821,12816.3218032261,11938.5157404352,18565.3323258844,13392.2973083106,12703.7170285753,8933.09551429008,8180.88791949409,10063.0078674415,9865.64990858476,6474.76974615631,9232.70312532438,11285.3509325922,13166.6995106756,18147.7790120976
"180","rna-XM_069279842.1","NC_091142.1","LOC138331947","XM_022486615.1","LOC111136040","max-binding protein MNT-like","GO:0003674",60.1363350559761,-9.72720653931937,2.79939174591008,-3.47475716949256,0.000511315985436069,0.0302571797604821,0,0,0,0,0,259.121256314216,143.033008006805,0,176.24593965399,218.516096632214,44.992390176441,0,0,0
"14","rna-XM_069247617.1","NC_091147.1","LOC138306999","XM_022431171.1","LOC111099741","G2/mitotic-specific cyclin-B3-like","GO:0000278;GO:0005634;GO:0006464;GO:0019899",52.7102732671805,-8.41703340073716,2.42955812382032,-3.46442973239181,0.000531356937257788,0.0310128520111036,0,0,0,0,0,0,0,144.737387838423,118.527971112333,58.0740977536063,175.99964392549,132.221960583231,108.382764527444,0
"80","rna-XM_069262859.1","NC_091136.1","LOC138319721","XM_022475865.1","LOC111129474","putative ankyrin repeat protein RF_0381","GO:0003674",134.020239137538,-10.48219549398,3.02860911880163,-3.46105921325617,0.000538054450270646,0.0311592691722066,0,0,0,0,0,213.006456461686,553.127646347993,0,0,578.77236405289,348.029371070705,0,183.347509992259,0
"26","rna-XM_069251526.1","NC_091149.1","LOC138310342","XM_022468913.1","LOC111125296","protein transport protein Sec61 subunit beta-like","GO:0005737;GO:0005783;GO:0006810;GO:0032991",2343.08852424644,0.60745335348085,0.176085375509134,3.44976606787733,0.000561072524401581,0.0319784997475831,2785.22471753372,2314.75453294999,3904.96671804545,3220.07384854223,3285.48300463421,1931.33173668096,2209.5098929163,2017.86475122789,2018.06754293867,2004.04852587021,1488.71879260283,1668.26926829623,2556.93005314328,1397.99595406819
"73","rna-XM_069261366.1","NC_091136.1","LOC138318723","XM_022479552.1",NA,NA,NA,133.184714562048,-1.12360923522323,0.328792318032587,-3.41738286936458,0.00063226294054513,0.0358676266271863,147.02065957656,52.5391687967697,55.0950372635021,102.852481648769,111.812587644822,229.476027837589,147.033931307694,228.384319771019,210.258313973181,205.720108991589,59.5487517041131,83.6717094315757,108.382764527444,122.790141394039
"184","rna-XM_069280446.1","NC_091142.1","LOC138332366","XM_022485423.1","LOC111135397","sucrose non-fermenting protein kinase 1-like","GO:0006464;GO:0016301;GO:0043167",62.4790190100405,-8.42087158198303,2.47424068343725,-3.40341650606303,0.000665487492790929,0.037402861863342,0,0,0,0,0,0,219.050550723708,31.015154536805,72.147460677072,0,105.864447473979,262.377953032348,184.250699696654,0
"203","rna-XM_069286532.1","NC_091145.1","LOC138336911","XM_022441162.1","LOC111106467","V-type proton ATPase subunit S1-like","GO:0005622;GO:0006091;GO:0009058;GO:0016887;GO:0022857;GO:0032991;GO:0034641;GO:0044281",915.865748559099,-0.446436203373467,0.132245682315527,-3.37580929340521,0.000735989153280483,0.0406132196401139,943.38256561626,590.055280332952,613.673953519623,853.336523569458,814.311875675926,1139.69433921253,961.221823038736,1028.19936555347,1002.8497034113,1063.05128091347,866.10351089649,1044.34689179411,979.96082926897,921.932537024093
"191","rna-XM_069282449.1","NC_091143.1","LOC138333834","XM_022483433.1","LOC111134431","anoctamin-7-like","GO:0003674;GO:0006810;GO:0007009",109.456824054489,-10.2412349730698,3.03943550624424,-3.36945296323285,0.000753175447552533,0.0413735291098993,0,0,0,0,0,293.158370491083,578.133416978553,0,0,266.747126969954,274.585910635633,0,0,119.770711687628
"2","rna-XM_069245192.1","NC_091145.1","LOC138304861","XM_022440951.1","LOC111106322","60S ribosomal protein L18a-like","GO:0003735;GO:0005840;GO:0006412;GO:0042254",10798.477209422,0.462129783484511,0.137462497507283,3.36186081196455,0.000774191374436597,0.0420341043055932,12999.0766508942,11532.3475508909,15068.0688835889,10919.3167605358,11395.8485791541,10106.8269676795,8973.07073307024,10354.362349454,8837.03325493164,6675.56832143997,9052.0719118219,11285.3509325922,11631.2770132035,12348.4610226513
"133","rna-XM_069271926.1","NC_091139.1","LOC138325917","XM_022462106.1",NA,NA,NA,222.678248227412,-0.732765201979773,0.21799644723524,-3.36136304638509,0.00077558808603401,0.0420341043055932,182.754847668085,169.741929958794,139.856633053505,204.574716246453,135.530409266451,269.002999139758,233.053782276821,217.106081757635,400.933745762586,262.809900003608,214.375506134807,283.037634373478,236.635702551585,168.0815869902
"165","rna-XM_069277712.1","NC_091141.1","LOC138330243","XM_022489423.1","LOC111137770","serine/arginine-rich splicing factor 7-like","GO:0043167",2472.88013385077,0.33345381763079,0.0994095675245064,3.35434330854107,0.000795535946956144,0.0427336566196796,2386.02278771126,2268.27757593746,2621.6761577848,3147.73803727277,3078.79913050288,2205.82459294601,2129.49142689851,2093.99285781823,2274.70636734711,2009.95436631973,2383.27337375795,2644.43921166461,2503.64186058395,2872.48412736546
"166","rna-XM_069277813.1","NC_091141.1","LOC138330309","XM_022476295.1","LOC111129824","DNA damage-binding protein 1-like","GO:0003674;GO:0005634;GO:0006259;GO:0006950",945.872390032367,-0.323006408473784,0.0969904305311997,-3.33029152159377,0.000867551024767205,0.0452020147668406,929.08889037965,863.865179254578,899.320531331934,690.580948213164,860.618098841963,1082.59982510939,1059.24444391053,921.995957594112,1006.97241544999,1241.21080114064,905.802678699232,955.510262027253,944.736430797551,880.666997703146
"36","rna-XM_069254627.1","NC_091135.1","LOC138314337","XM_022453660.1",NA,NA,NA,765.64613973356,0.546572227417536,0.164545396560922,3.32171083993328,0.000894673594865339,0.0458284280239038,809.634604473695,882.051814607306,858.634965352732,916.630358430239,918.218522780205,771.873911817346,635.14657401623,513.159829608955,527.707140952298,555.149002254813,917.050776243342,552.646475875222,1010.66927921841,850.472700639038
"77","rna-XM_069261995.1","NC_091136.1","LOC138319083","XM_022443894.1",NA,NA,NA,2494.4021958522,-0.34105180841824,0.102619745152183,-3.32345210868013,0.000889106878379075,0.0458284280239038,2059.31021087446,2154.10592066756,2419.09594384669,2009.5792568298,2379.68810270343,2691.12796282264,2835.65438950553,2892.8680504329,2285.01314744384,3257.07100790989,2616.1751582007,2715.71511229151,2450.35366802462,2155.8728103773
"172","rna-XM_069279095.1","NC_091142.1","LOC138331451","XM_022444763.1",NA,NA,NA,281.032721677207,1.08402169410579,0.326314112461054,3.32201903843547,0.000893685958388157,0.0458284280239038,180.712894062855,349.58754622466,539.08374922442,412.540173646162,547.768737451906,206.418627911324,161.037162860808,141.917828335077,183.460685721697,264.778513486781,158.796671210968,261.344968965292,337.792949443866,189.217594935076
"17","rna-XM_069248834.1","NC_091147.1","LOC138307903","XM_022432549.1",NA,NA,NA,36.4757693053868,7.99096270559329,2.4084961802408,3.3178224533428,0.000907221318413869,0.046082287889307,73.51032978828,0,0,79.1172935759762,83.5770857143114,0,0,0,0,0,122.405767391788,0,78.5775042823967,73.4727895226624
"117","rna-XM_069270227.1","NC_091139.1","LOC138324946","XM_022475267.1","LOC111129129","uncharacterized","GO:0006464;GO:0016301;GO:0043167",1558.90144583414,1.0112720305497,0.305273612690889,3.31267423225894,0.000924085474144164,0.046549367867677,1346.66840264919,2095.50454008654,1666.41297323146,1583.47611857061,1084.24327413161,612.668055183612,1152.26591065622,794.175926775764,932.763598753573,366.162107870196,3573.5867550435,1703.39072657615,2898.33576140472,2014.9660907448
"50","rna-XM_069257111.1","NC_091135.1","LOC138315822","XM_022452155.1","LOC111113860","sulfotransferase family cytosolic 1B member 1-like","GO:0003674",37.9478285236747,7.91672873712862,2.40385727094236,3.29334392387827,0.000990032908065924,0.0487692247253104,0,86.8917022408114,137.313785179805,0,0,0,0,0,0,0,39.6991678027421,86.7706616327451,57.8041410813033,122.790141394039
"100","rna-XM_069266918.1","NC_091138.1","LOC138322806","XM_022459436.1","LOC111119359","40S ribosomal protein S24-like","GO:0003735;GO:0005840;GO:0006412;GO:0042254",8580.26047492741,0.572852036098482,0.173975693340644,3.2927130514539,0.000992256878678062,0.0487692247253104,9327.64406869064,7538.36035370574,13408.4368380206,9343.75237132279,9464.54024710716,7185.12500559419,6659.5368343308,7535.74269927583,6451.01366253991,5167.61039332938,7068.43682727823,9382.5942810741,9637.93733560293,11952.9157311115
"22","rna-XM_069250536.1","NC_091148.1","LOC138309355","XM_022467049.1","LOC111124184","BTB and MATH domain-containing protein 38-like","GO:0003674",40.3100798241642,-7.93111247498033,2.41470164720696,-3.2845103179327,0.00102159757458972,0.0492150577599968,0,0,0,0,0,107.601199655903,0,0,40.1964423772258,81.6974595516835,134.977170529323,0,109.285954231839,90.5828911923236
"52","rna-XM_069257414.1","NC_091135.1","LOC138315974","XM_022485212.1","LOC111135283","tRNA (cytosine(34)-C(5))-methyltransferase-like","GO:0006399;GO:0008168",581.50607737108,-0.509377424987925,0.155019772788246,-3.28588679899386,0.00101661856894198,0.0492150577599968,696.30617938343,518.319107552747,372.103405518114,400.107456084223,550.027577606347,770.775940392286,705.162731781799,681.393546641928,690.554266480546,761.853417987988,467.126874478932,522.689937930584,482.303302147125,522.361339209066
"150","rna-XM_069274837.1","NC_091134.1","LOC138328167","XM_022439983.1","LOC111105616","60S ribosomal protein L44-like","GO:0003735;GO:0005840;GO:0006412;GO:0042254",5489.53015910085,0.550191703295526,0.167329547719766,3.28807261355272,0.00100875817568192,0.0492150577599968,5749.12037552507,4779.04362324463,7762.46694244849,7140.9008687574,6377.83517606374,4228.28795790697,4334.0001656887,5359.04276269279,4588.57849906178,3213.76151128008,4548.86297739753,5646.29091053077,6347.61724249062,6777.61321432341
"190","rna-XM_069282028.1","NC_091143.1","LOC138333570","XM_022479508.1","LOC111131801","peptidyl-prolyl cis-trans isomerase-like","GO:0006464;GO:0016853",2510.28376348569,1.03682398616725,0.315626540148367,3.28497085726653,0.00101992920536448,0.0492150577599968,3064.97236145023,3968.72798141753,4138.90872242586,1953.06690427553,2126.69800540606,1472.37968100578,952.219745611734,2128.76742502616,1969.62567648407,911.468042709143,1838.07146926696,3851.99758605365,3815.07331136602,2951.99577630094
"132","rna-XM_069271917.1","NC_091139.1","LOC138325908","XM_022458027.1","LOC111118511","BRISC and BRCA1-A complex member 1-like","GO:0005634;GO:0006259;GO:0006950;GO:0032991",225.732748686119,0.391206537560883,0.119315688811667,3.27875186789877,0.00104267272110568,0.0495780776501909,266.474945482515,237.436628216171,261.91333099111,279.171021618087,241.695896525171,206.418627911324,204.047088345372,183.271367717484,168.00051557661,219.5004033738,217.683770118369,203.497861210128,201.411304080166,269.735720439363
