"","Protein_name","Airradians.TranscriptID","baseMeanNAIVE_control","baseMeanHABITUATED_control","baseMeanNAIVE_response","baseMeanHABITUATED_response","ControlRatio","ResponseRatio","Frontloaded_criteria","Cvirginica_TranscriptID","Cvirginica_GeneID","Cgigas_KEGGID","Annotation_GO_ID","Cvirginica_length"
"1"," 3-hydroxybutyrate dehydrogenase type 2-like","evm.model.Contig0.76",9.94313878483846,10.0746739542729,10.0940965389792,10.1587115258108,1.01322873715038,0.993261667474475,"frontloaded","XM_022437637.1","LOC111103968","crg:105320965","GO:0016491",246
"2"," 39S ribosomal protein L46, mitochondrial-like","evm.model.Contig627.14",10.0936104255089,10.1630141359519,10.0900425619669,10.0429166385092,1.00687600447384,0.988532309786973,"frontloaded","XM_022444817.1","LOC111108756","crg:105329047","GO:0003735;GO:0005840;GO:0042254",292
"3"," 5-hydroxytryptamine receptor 4-like","evm.model.Contig343.27",10.0018052692168,10.1584807951592,10.016473989212,10.0885208564964,1.01566472468971,0.991658775550955,"frontloaded","XM_022485359.1","LOC111135363","crg:105330597","GO:0003674;GO:0005886;GO:0007165;GO:0007267",379
"4"," 60 kDa SS-A/Ro ribonucleoprotein-like","evm.model.Contig74.228",12.1727850853962,12.4864984174817,12.2454124255846,12.4878767068441,1.02577169726441,0.994178744106649,"frontloaded","XM_022459905.1","LOC111119592","crg:105348950","GO:0003723",577
"5"," activating signal cointegrator 1 complex subunit 1-like","evm.model.Contig1248.19",10.4292488969451,10.5668618514553,10.529634615431,10.5516722365818,1.01319490558429,0.989042590536666,"frontloaded","XM_022489932.1","LOC111138114","crg:105327503","GO:0003723",358
"6"," acyl-coenzyme A thioesterase 13-like","evm.model.Contig1132.3",9.77015444671034,9.88295695903964,9.8532213439116,9.90544977889475,1.01154562222579,0.993826302614955,"frontloaded","XM_022461390.1","LOC111120582","crg:105322381","GO:0003674",142
"7"," alcohol dehydrogenase-like","evm.model.Contig82.9",11.8081490430579,12.5363354533497,12.0077250449014,12.555819492094,1.06166812492259,0.984907739510625,"frontloaded","XM_022450524.1","LOC111112758","crg:105347952","GO:0016491",347
"8"," alpha-crystallin A chain-like","evm.model.Contig124.136",10.3025513448011,10.4626688297061,10.4207441514368,10.522161805831,1.01554153719271,0.994279651053539,"frontloaded","XM_022441907.1","LOC111106983","crg:105343274","",206
"9"," alpha-ketoglutarate-dependent dioxygenase alkB homolog 4-like","evm.model.Contig289.31",9.79197518144466,9.95483852273915,9.95164310900904,9.95802380628022,1.01663232782729,0.984270461244851,"frontloaded","XM_022486225.1","LOC111135832","crg:105325899","GO:0016491",269
"10"," amyloid beta A4 protein-like","evm.model.Contig829.15",11.4505110159764,11.5351721343208,11.5301228850313,11.5396260641566,1.00739365415449,0.99347876609005,"frontloaded","XM_022487208.1","LOC111136389","crg:105342828","GO:0030234",300
"11"," angiomotin-like","evm.model.Contig144.86",11.3211637822283,11.5586809480524,11.5801834781297,11.6806822109201,1.02097992489049,0.987951364125235,"frontloaded","XM_022485196.1","LOC111135275","crg:105333766","",733
"12"," ankyrin-3-like","evm.model.Contig724.16",9.71145153397128,10.1929381364864,9.81495520296267,9.97152170632536,1.04957926225867,0.967961036574507,"frontloaded","XM_022481987.1","LOC111133522","crg:105340761","GO:0003674",526
"13"," AP-4 complex subunit epsilon-1-like","evm.model.Contig1317.13",10.3542010066157,10.4248266763705,10.3565197439836,10.4164573163736,1.00682096761591,0.99897345853188,"frontloaded","XM_022452756.1","LOC111114456","crg:105329029","GO:0005737;GO:0016192;GO:0032991",963
"14"," apoptogenic protein 1, mitochondrial-like","evm.model.Contig223.38",10.141235808661,10.1662049152429,10.1726910982395,10.1591995296119,1.00246213647459,0.9962209145067,"frontloaded","XM_022455409.1","LOC111116418","crg:105322061","GO:0007165;GO:0008219",180
"15"," apoptosis regulatory protein Siva-like","evm.model.Contig790.11",10.3509749528868,10.4331945230017,10.4028538265718,10.4637286983239,1.00794317158424,0.997925057337528,"frontloaded","XM_022473289.1","LOC111127960","crg:105340131","",190
"16"," arginase, hepatic-like","evm.model.Contig1331.5",12.5630104527259,13.3524639871498,13.2124954074405,13.5289990676553,1.06283951903046,0.963414377690016,"frontloaded","XM_022478277.1","LOC111130969","crg:105339545","GO:0006520;GO:0009056;GO:0016810;GO:0043167",381
"17"," arylsulfatase B-like","evm.model.Contig731.14",10.808435958807,10.988805500481,10.8229908412915,10.9704294339834,1.01668784848812,0.996985184049825,"frontloaded","XM_022470770.1","LOC111126259","crg:105349073","GO:0003674",480
"18"," B-box type zinc finger protein ncl-1-like","evm.model.Contig234.66",11.3518728436513,11.5415524923751,11.5192477603218,11.6379616808092,1.01670910618329,0.993701831353139,"frontloaded","XM_022470455.1","LOC111126064","crg:105320609","GO:0005622;GO:0043167",766
"19"," baculoviral IAP repeat-containing protein 2-like","evm.model.Contig352.67",11.0789299873816,11.4047320704609,11.283468214546,11.3909408281355,1.02940736004744,0.980685416294411,"frontloaded","XM_022435775.1","LOC111102858","crg:105348033","",437
"20"," baculoviral IAP repeat-containing protein 3-like","evm.model.Contig368.47",11.3108499275815,11.5409907382713,11.4240788596476,11.370074691033,1.02034690692241,0.975425877437946,"frontloaded","XM_022436400.1","LOC111103270","crg:105332528","",386
"21"," beclin-1-like","evm.model.Contig440.33",10.2831866916025,10.3821120582444,10.3620487219856,10.3753437796083,1.00962010800822,0.991742384140887,"frontloaded","XM_022472453.1","LOC111127325","crg:105329824","GO:0006914;GO:0007049;GO:0016192;GO:0051301",442
"22"," beta-1,3-galactosyltransferase 1-like","evm.model.Contig1690.19",9.75133389448204,9.77084922926169,10.0761861574914,9.88175143072443,1.00200129900082,0.978744778692454,"frontloaded","XM_022462986.1","LOC111121629","crg:105332568","GO:0005575;GO:0006464;GO:0009058;GO:0016757",413
"23"," beta-1,3-galactosyltransferase 5-like","evm.model.Contig117.78",10.7657079168713,10.9196872471749,11.0121632941412,11.0621797333765,1.01430275941839,0.990376805583827,"frontloaded","XM_022456719.1","LOC111117570","crg:105317646","GO:0005575;GO:0006464;GO:0009058;GO:0016757",367
"24"," bifunctional purine biosynthesis protein PURH-like","evm.model.Contig254.64",10.3784270314751,10.628798759973,10.5047374810483,10.6172578844492,1.02412424616357,0.986903102646939,"frontloaded","XM_022430811.1","LOC111099502","crg:105346146","GO:0005739;GO:0009058;GO:0016810;GO:0032991;GO:0034641;GO:0044281",594
"25"," BTB/POZ domain-containing protein 1-like","evm.model.Contig2111.9",10.0579400339501,10.5486356015146,10.3905868361102,10.5485248902385,1.04878688537695,0.9679755947687,"frontloaded","XM_022432160.1","LOC111100375","crg:105347258","GO:0003674",454
"26"," BTB/POZ domain-containing protein 10-like","evm.model.Contig1068.42",11.2140318125059,11.3430158371997,11.3293014995095,11.4345605078604,1.01150202058014,0.997813987763515,"frontloaded","XM_022437408.1","LOC111103855","crg:105320714","GO:0003674",444
"27"," cAMP-responsive element modulator-like","evm.model.Contig228.123.1",10.9007107957769,10.9555684914597,10.8524367962952,10.8818467500273,1.00503248794602,0.997689127670645,"frontloaded","XM_022449077.1","LOC111111886","crg:105342835","GO:0003677;GO:0003700;GO:0005634;GO:0009058;GO:0032991;GO:0034641",284
"28"," carbohydrate sulfotransferase 11-like","evm.model.Contig227.32",10.1768244357477,10.2469708160347,10.1715037199057,10.21808020815,1.00689275723777,0.997702196259355,"frontloaded","XM_022440295.1","LOC111105847","crg:105327028","GO:0003674;GO:0005575;GO:0005975;GO:0009058",433
"29"," catalase-like","evm.model.Contig1487.10",10.8412168423177,10.9599093017282,10.8682776543685,10.9712633044257,1.0109482598805,0.998543488653221,"frontloaded","XM_022483137.1","LOC111134248","crg:105339902","GO:0006520;GO:0006950;GO:0009056;GO:0016491;GO:0034641;GO:0051186",511
"30"," CD81 antigen-like","evm.model.Contig127.144",12.3291102033315,12.5047360109447,12.4631471128805,12.5767802022224,1.01424480799642,0.994944731063896,"frontloaded","XM_022452438.1","LOC111114134","crg:105333627","GO:0005575",256
"31"," cell division control protein 42 homolog","evm.model.Contig6.109",9.88671669280565,10.2179363489691,10.0556562746055,10.1611023561099,1.03350148147812,0.977730814830274,"frontloaded","XM_022473263.1","LOC111127933","crg:105333107","GO:0003924;GO:0005622;GO:0007165;GO:0043167",223
"32"," ceramide glucosyltransferase-like","evm.model.Contig741.25",11.7658630700822,11.8462157709541,11.8299908671803,11.8522551322393,1.00682930783686,0.995086268336049,"frontloaded","XM_022484998.1","LOC111135173","crg:105332650","GO:0016757",413
"33"," chondroitin sulfate N-acetylgalactosaminyltransferase 1-like","evm.model.Contig412.94",10.5835370671283,10.8759784758505,10.5132603573615,10.7314609339125,1.02763172716903,0.99330798111259,"frontloaded","XM_022462936.1","LOC111121591","crg:105325571","GO:0005794;GO:0016757",507
"34"," chromatin complexes subunit BAP18-like","evm.model.Contig370.4.1",10.3010129170085,10.3976178498589,10.4415682832356,10.4317553556495,1.00937819742862,0.989777873276097,"frontloaded","XM_022481048.1","LOC111133017","crg:105319938","GO:0000228;GO:0003677;GO:0005654;GO:0032991",172
"35"," chromatin complexes subunit BAP18-like","evm.model.Contig370.4.1",10.3010129170085,10.3976178498589,10.4415682832356,10.4317553556495,1.00937819742862,0.989777873276097,"frontloaded","XM_022481048.1","LOC111133017","crg:105319938","GO:0000228;GO:0003677;GO:0005654;GO:0032991",172
"36"," chromatin complexes subunit BAP18-like","evm.model.Contig370.4.1",10.3010129170085,10.3976178498589,10.4415682832356,10.4317553556495,1.00937819742862,0.989777873276097,"frontloaded","XM_022481048.1","LOC111133017","crg:105319938","GO:0000228;GO:0003677;GO:0005654;GO:0032991",172
"37"," chromatin complexes subunit BAP18-like","evm.model.Contig370.4.1",10.3010129170085,10.3976178498589,10.4415682832356,10.4317553556495,1.00937819742862,0.989777873276097,"frontloaded","XM_022481048.1","LOC111133017","crg:105319938","GO:0000228;GO:0003677;GO:0005654;GO:0032991",172
"38"," chromatin modification-related protein MEAF6-like","evm.model.Contig142.163",10.5283345465087,10.6439905516387,10.542196411043,10.6511428035463,1.01098521372199,0.999356175159453,"frontloaded","XM_022439941.1","LOC111105580","crg:105330655","GO:0005654;GO:0006464;GO:0032991;GO:0051276",183
"39"," citrate lyase subunit beta-like protein, mitochondrial","evm.model.Contig107.13",10.1490466831868,10.1868082257979,10.1904007629476,10.2283122466226,1.00372069848428,0.99999961626158,"frontloaded","XM_022431474.1","LOC111099945","crg:105320500","GO:0003674",338
"40"," coadhesin-like","evm.model.Contig1494.11",9.77625827102254,10.0939105684162,10.0030079770072,9.98531188191809,1.03249221620251,0.966816898917621,"frontloaded","XM_022440100.1","LOC111105725","crg:105335454","",481
"41"," COMM domain-containing protein 8-like","evm.model.Contig1496.6",10.2279583490805,10.3060055448631,10.2950896804214,10.3200714690547,1.00763076980946,0.994835214671046,"frontloaded","XM_022466039.1","LOC111123604","crg:105338588","",188
"42"," corticotropin-releasing factor receptor 2-like","evm.model.Contig42.72",10.1622514057721,10.3095170720235,10.2600840131926,10.3498021790011,1.01449144095842,0.994335041456238,"frontloaded","XM_022453509.1","LOC111114967","crg:105320567","GO:0003674;GO:0005575;GO:0007165",662
"43"," cubilin-like","evm.model.Contig313.62",11.1798636469361,11.4180190386908,11.3270280125492,11.4921201579034,1.02130217319957,0.993413202760846,"frontloaded","XM_022461725.1","LOC111120762","crg:105327358","GO:0043167",3726
"44"," cytochrome b5-like","evm.model.Contig210.93",10.0732580134892,10.364044988531,10.2680490754795,10.4411346581187,1.02886722197054,0.988326475805291,"frontloaded","XM_022478207.1","LOC111130921","crg:105334553","GO:0003674",107
"45"," cytoplasmic tRNA 2-thiolation protein 2-like","evm.model.Contig177.136",10.0297054607486,10.1166881005832,10.065740879939,10.0964726628749,1.00867250191694,0.994428920183615,"frontloaded","XM_022484393.1","LOC111134884","crg:105328590","GO:0003723;GO:0006399;GO:0007165",749
"46"," cytoplasmic tRNA 2-thiolation protein 2-like","evm.model.Contig177.136",10.0297054607486,10.1166881005832,10.065740879939,10.0964726628749,1.00867250191694,0.994428920183615,"frontloaded","XM_022484393.1","LOC111134884","crg:105328590","GO:0003723;GO:0006399;GO:0007165",749
"47"," cytoplasmic tRNA 2-thiolation protein 2-like","evm.model.Contig177.136",10.0297054607486,10.1166881005832,10.065740879939,10.0964726628749,1.00867250191694,0.994428920183615,"frontloaded","XM_022484393.1","LOC111134884","crg:105328590","GO:0003723;GO:0006399;GO:0007165",749
"48"," cytoplasmic tRNA 2-thiolation protein 2-like","evm.model.Contig177.136",10.0297054607486,10.1166881005832,10.065740879939,10.0964726628749,1.00867250191694,0.994428920183615,"frontloaded","XM_022484393.1","LOC111134884","crg:105328590","GO:0003723;GO:0006399;GO:0007165",749
"49"," cytosolic purine 5'-nucleotidase-like","evm.model.Contig1216.3",10.04193867679,10.4629981501215,10.0271162886157,10.4285359919051,1.04193009805016,0.998179644213047,"frontloaded","XM_022485081.1","LOC111135218","crg:105338653","",556
"50"," desumoylating isopeptidase 2-like","evm.model.Contig6.255",10.9062585674346,10.9380107941244,10.915329613516,10.9229828460219,1.00291137666446,0.997796184812819,"frontloaded","XM_022476514.1","LOC111129955","crg:105326287","",188
"51"," DNA-binding protein inhibitor ID-2-A-like","evm.model.Contig349.28",11.8115667394808,12.0962277250082,11.8706563514428,12.1437625126923,1.02410018855296,0.998932370556192,"frontloaded","XM_022463025.1","LOC111121660","crg:105344816","GO:0003674;GO:0005634;GO:0005737;GO:0009058;GO:0034641",152
"52"," DNA-directed RNA polymerase II subunit RPB4-like","evm.model.Contig325.7",10.3950114387729,10.4428079280982,10.3284523006853,10.3711969490328,1.00459802181141,0.999542614996658,"frontloaded","XM_022480598.1","LOC111132777","crg:105317502","GO:0003674;GO:0005622;GO:0009058;GO:0032991;GO:0034641",149
"53"," DNA repair protein complementing XP-A cells homolog","evm.model.Contig467.58",9.95918035130959,10.0898669057188,10.0052569350621,10.0376168437161,1.01312221988148,0.99024014174438,"frontloaded","XM_022451143.1","LOC111113135","crg:105335201","GO:0003677;GO:0005634;GO:0006259;GO:0006950",277
"54"," DNA repair protein SWI5 homolog","evm.model.Contig289.5",10.0312425877834,10.1006068937049,9.86934886066514,9.8117685312321,1.00691482688356,0.987338467232315,"frontloaded","XM_022469681.1","LOC111125660","crg:105333943","",140
"55"," dual specificity protein phosphatase 1-like","evm.model.Contig640.21",9.88287983638127,10.0824362088301,9.98068833944695,9.94504003294519,1.02019212777577,0.976706489513781,"frontloaded","XM_022479954.1","LOC111132183","crg:105344429","GO:0006464;GO:0006520;GO:0016791",378
"56"," dual specificity protein phosphatase 10-like","evm.model.Contig278.3",10.7416155551224,10.9076750110492,10.8005802643514,10.8767636389211,1.01545944882077,0.991722159219883,"frontloaded","XM_022476783.1","LOC111130086","crg:105329513","GO:0006464;GO:0006520;GO:0016791",401
"57"," E3 ubiquitin-protein ligase synoviolin-like","evm.model.Contig625.51",10.1533742129034,10.3288421659793,10.2560525271096,10.4123285368207,1.01728173801109,0.997990433203396,"frontloaded","XM_022474888.1","LOC111128926","crg:105343343","GO:0003674;GO:0005737;GO:0005783;GO:0006464;GO:0006950;GO:0009056;GO:0032991",608
"58"," ectonucleotide pyrophosphatase/phosphodiesterase family member 5-like","evm.model.Contig140.119",9.92172990431912,10.0533845136515,9.78477897600025,9.86104547488706,1.01326932002806,0.99459677884505,"frontloaded","XM_022461802.1","LOC111120817","crg:105327753","GO:0003674",434
"59"," EKC/KEOPS complex subunit Tprkb-like","evm.model.Contig344.70",10.2106885129624,10.3956602072022,10.3628788097038,10.3431413536264,1.01811549671749,0.980336094105932,"frontloaded","XM_022443482.1","LOC111108009","crg:105339328","",177
"60"," ephrin type-B receptor 1-B-like","evm.model.Contig110.180_evm.model.Contig110.181",11.5703870305642,11.7538784630085,11.6813948581591,11.8435647076296,1.01585871172326,0.998054882341029,"frontloaded","XM_022482814.1","LOC111134042","crg:105343139","GO:0005886;GO:0006464;GO:0007165;GO:0016301;GO:0043167",1037
"61"," eukaryotic translation initiation factor 1-like","evm.model.Contig243.40",12.2928011155613,12.4635442639795,12.3880794841424,12.5326038514821,1.01388968607017,0.997807177745757,"frontloaded","XM_022469767.1","LOC111125711","crg:105325620","GO:0005840;GO:0008135",114
"62"," excitatory amino acid transporter-like","evm.model.Contig272.26",10.2745948600359,10.5739038152729,10.3912546359924,10.5127486490979,1.02913097395219,0.983054610166352,"frontloaded","XM_022481287.1","LOC111133164","crg:105335989","GO:0005575;GO:0022857",511
"63"," exocyst complex component 7-like","evm.model.Contig775.8",10.4149265338564,10.5512342632122,10.49251739891,10.5118012748712,1.01308772835916,0.988895473994495,"frontloaded","XM_022457285.1","LOC111118022","crg:105340744","GO:0005737;GO:0016192;GO:0032991",707
"64"," exonuclease 3'-5' domain-containing protein 2-like","evm.model.Contig220.21",10.1853841620951,10.2530719832722,10.1905788079326,10.1918134864367,1.00664558352438,0.993518647663977,"frontloaded","XM_022480384.1","LOC111132560","crg:105318969","GO:0004518;GO:0016491",850
"65"," exosome complex component RRP46-like","evm.model.Contig52.196",10.3254376321983,10.4146516583278,10.3758037465879,10.377566289426,1.00864021742297,0.991602211780375,"frontloaded","XM_022462661.1","LOC111121392","crg:105339181","",215
"66"," failed axon connections homolog","evm.model.Contig53.289",10.1806728043236,10.2162741645943,10.212951385365,10.0993399631031,1.00349695555048,0.985429746193552,"frontloaded","XM_022470361.1","LOC111126008","crg:105321903","",286
"67"," four-jointed box protein 1-like","evm.model.Contig273.176",10.837462482454,10.8759848503331,10.8132657570654,10.8473248279847,1.00355455605419,0.999596626566404,"frontloaded","XM_022482943.1","LOC111134093","crg:105337449","",531
"68"," frizzled-4-like","evm.model.Contig440.84",10.6464924581966,10.8995296673318,10.6915523052428,10.889798463222,1.02376719000448,0.994896425181025,"frontloaded","XM_022436968.1","LOC111103593","crg:105334062","GO:0003674;GO:0005575;GO:0007165;GO:0007267",547
"69"," G protein-activated inward rectifier potassium channel 3-like","evm.model.Contig966.16",9.76874471729237,10.10775098787,9.88199145391596,10.138161412899,1.03470315586992,0.99151423531562,"frontloaded","XM_022460592.1","LOC111119991","crg:105340302","GO:0005886;GO:0022857;GO:0032991",466
"70"," G2/M phase-specific E3 ubiquitin-protein ligase-like","evm.model.Contig293.2",10.1049829468855,10.3498696682432,10.2292168936635,10.2498981003468,1.02423425379784,0.978313090372936,"frontloaded","XM_022462403.1","LOC111121232","crg:105340728","GO:0003674;GO:0006464",444
"71"," galanin receptor type 2-like","evm.model.Contig42.48",10.2864144957855,10.4125519580643,10.4030682668847,10.4812448789708,1.01226252960451,0.995309749612598,"frontloaded","XM_022460552.1","LOC111119959","crg:105336471","GO:0003674;GO:0005575;GO:0007165",365
"72"," general transcription factor IIE subunit 1-like","evm.model.Contig223.106",10.2045188918786,10.3914807278861,10.2070563781191,10.3318208019867,1.01832147482781,0.994011591769054,"frontloaded","XM_022433116.1","LOC111100932","crg:105323115","GO:0003677;GO:0009058;GO:0034641",407
"73"," glycerophosphocholine phosphodiesterase GPCPD1-like","evm.model.Contig1428.10",9.73290380154802,10.1317105370101,9.96152689057882,9.96391457623582,1.04097510296965,0.960868024486877,"frontloaded","XM_022466422.1","LOC111123815","crg:105336617","GO:0003674;GO:0006629;GO:0007165;GO:0009056",962
"74"," glycine receptor subunit alpha-3-like","evm.model.Contig229.56",10.1098792291824,10.416447634531,10.3813625097007,10.5384781495754,1.03032364664295,0.985257785951677,"frontloaded","XM_022468488.1","LOC111125046","crg:105331127","GO:0005575;GO:0007165;GO:0022857",448
"75"," glycoprotein 3-alpha-L-fucosyltransferase A-like","evm.model.Contig222.77",9.95352173409556,10.1803409873261,10.0964189540707,10.1458732372084,1.02278783924825,0.982508944491012,"frontloaded","XM_022436215.1","LOC111103157","crg:109619018","GO:0005575;GO:0006464;GO:0009058;GO:0016757",391
"76"," glycoprotein 3-alpha-L-fucosyltransferase A-like","evm.model.Contig346.61",10.5270835246364,10.6042110891763,10.5789115684525,10.5820816967262,1.00732658426803,0.993024189476361,"frontloaded","XM_022436206.1","LOC111103154","crg:105332886;crg:109619337","GO:0005575;GO:0006464;GO:0009058;GO:0016757",349
"77"," growth arrest and DNA damage-inducible protein GADD45 beta-like","evm.model.Contig421.23",10.3191851124877,10.755936328311,10.3397993907813,10.5225293326684,1.04232419624828,0.976349285484798,"frontloaded","XM_022457933.1","LOC111118444","crg:105343617","GO:0005634;GO:0007049",145
"78"," growth arrest and DNA damage-inducible protein GADD45 beta-like","evm.model.Contig421.26",9.80249812566253,9.94164613821126,9.82761160959323,9.92443172481016,1.01419515829179,0.995717478683731,"frontloaded","XM_022457933.1","LOC111118444","crg:105343617","GO:0005634;GO:0007049",145
"79"," haloacid dehalogenase-like hydrolase domain-containing 5","evm.model.Contig120.11.3",9.93639090243595,10.7412923687816,10.1085074668327,10.7876368974018,1.08100541476768,0.987214247484091,"frontloaded","XM_022444849.1","LOC111108777","crg:105345002","",424
"80"," HAUS augmin-like complex subunit 7","evm.model.Contig120.42",10.5086962250972,10.5882600296377,10.4602560861031,10.5280863135532,1.00757123460763,0.998921497606787,"frontloaded","XM_022445956.1","LOC111109732","crg:105342197","GO:0005856;GO:0008092;GO:0032991",379
"81"," heat shock 70 kDa protein 12A-like","evm.model.Contig229.51",11.2052695771537,11.2559453587719,11.2593110082318,11.2679888179641,1.00452249553385,0.996265118431304,"frontloaded","XM_022472506.1","LOC111127361","crg:105323907","",579
"82"," heat shock 70 kDa protein 12A-like","evm.model.Contig6.205",11.1616381630357,11.1683569180186,11.3070963593825,11.3100925580815,1.00060195061735,0.99966323601633,"frontloaded","XM_022443552.1","LOC111108052","crg:105326761","",614
"83"," heat shock 70 kDa protein 12A-like","evm.model.Contig994.12",10.1307090307737,10.316646945469,10.2751729679315,10.3756661483707,1.01835388955803,0.991580828540274,"frontloaded","XM_022470396.1","LOC111126027","crg:105321553","",578
"84"," helix-loop-helix protein delilah-like","evm.model.Contig117.172",11.1232665909785,11.3570870584604,11.2765180653473,11.4772092395446,1.02102084541168,0.996842786348454,"frontloaded","XM_022478802.1","LOC111131330","crg:105343328","GO:0003674",220
"85"," heterogeneous nuclear ribonucleoprotein R-like","evm.model.Contig116.8",11.7282432941025,11.8103275717269,11.7588186886447,11.7588220150546,1.00699885529026,0.993050069156394,"frontloaded","XM_022439873.1","LOC111105526","crg:105325261","GO:0003674",623
"86"," high mobility group protein B1-like","evm.model.Contig675.3",10.2652891071747,10.2951498248248,10.3388847013503,10.3577657470141,1.00290890176968,0.998920455390049,"frontloaded","XM_022448605.1","LOC111111557","crg:105344152","",256
"87"," histamine H2 receptor-like","evm.model.Contig330.67",10.9902665718399,11.2441803725482,10.9728757401695,11.2150049233608,1.02310351610205,0.998986064938305,"frontloaded","XM_022437931.1","LOC111104131","crg:105341801","GO:0003674;GO:0005575;GO:0007165",351
"88"," homeobox protein six1-like","evm.model.Contig283.16.2",12.3010764217456,12.4196728513489,12.4503120826904,12.485191837815,1.00964114241203,0.993225686243349,"frontloaded","XM_022475776.1","LOC111129405","crg:105341333","GO:0003677;GO:0003700;GO:0005622;GO:0008219;GO:0008283;GO:0009058;GO:0032991;GO:0034641;GO:0048856",329
"89"," homeobox protein TGIF2-like","evm.model.Contig121.109",10.7091526386787,10.8392210058443,10.758466609546,10.7533825048828,1.01214553303646,0.987533313735157,"frontloaded","XM_022459414.1","LOC111119346","crg:105320634","GO:0003677;GO:0009058;GO:0034641",230
"90"," homeodomain-interacting protein kinase 2-like","evm.model.Contig482.22.1",11.3651813747463,11.4616307577765,11.4513030347511,11.5131146457488,1.00848639188852,0.99693737841307,"frontloaded","XM_022447285.1","LOC111110677","crg:105338935","GO:0006464;GO:0016301;GO:0043167",1215
"91"," HRAS-like suppressor 2","evm.model.Contig14767.1",10.2933400547731,11.2923450683362,11.3359483166108,11.6676294742831,1.0970535325023,0.938203289914374,"frontloaded","XM_022472191.1","LOC111127143","crg:105318441","",172
"92"," immediate early response gene 5-like protein","evm.model.Contig221.49",11.6214102018654,11.9472233174327,11.7323166936283,11.755486756745,1.02803559205878,0.974650002532661,"frontloaded","XM_022469843.1","LOC111125757","crg:105323642","",306
"93"," importin subunit alpha-7-like","evm.model.Contig118.7",11.0060469341679,11.0814485416696,11.0371113966291,11.0923627997545,1.00685092549147,0.998167594070462,"frontloaded","XM_022437309.1","LOC111103812","crg:105332258","GO:0005634;GO:0005737;GO:0006913;GO:0008565",539
"94"," inositol hexakisphosphate kinase 1-like","evm.model.Contig125.7",10.4524480247236,10.5193595461741,10.5079473532223,10.5531361393187,1.00640151678269,0.997912286700373,"frontloaded","XM_022451578.1","LOC111113357","crg:105344155","GO:0009058;GO:0016301;GO:0044281",364
"95"," insulin-induced gene 2 protein-like","evm.model.Contig42.165",11.5364479801527,11.8719402739105,11.3588802713792,11.6421508329642,1.0290810736836,0.99597424652638,"frontloaded","XM_022453653.1","LOC111115072","crg:105327698","GO:0006629;GO:0044281",203
"96"," integrator complex subunit 5-like","evm.model.Contig0.43",9.99167092186057,10.1392410851974,9.92450549915727,9.95126201343117,1.0147693178139,0.988102406309445,"frontloaded","XM_022472429.1","LOC111127314","crg:105321972","GO:0005634;GO:0032991",939
"97"," interferon regulatory factor 1-like","evm.model.Contig247.7",11.7619681352581,12.1584202730835,11.8989912215836,12.2841815280101,1.03370627545206,0.998708919562977,"frontloaded","XM_022457392.1","LOC111118092","crg:105343806","GO:0003677",389
"98"," interleukin-17 receptor D-like","evm.model.Contig220.98",10.671020646092,10.811975140636,10.7394754490405,10.8494982059482,1.01320909210269,0.997074259191224,"frontloaded","XM_022442514.1","LOC111107347","crg:105324243","GO:0003674;GO:0007165",545
"99"," inverted formin-2-like","evm.model.Contig229.92",10.392430372749,10.5757178073114,10.5349882552515,10.6909210841108,1.01763662858333,0.99721393233869,"frontloaded","XM_022471049.1","LOC111126416","crg:105336275","GO:0007010;GO:0008092;GO:0019899",1272
"100"," Krueppel-like factor 5","evm.model.Contig329.80",11.9820836198973,12.616525827635,12.285350017582,12.5951055010219,1.05294923886896,0.973658905248575,"frontloaded","XM_022468067.1","LOC111124848","crg:105323946","GO:0003674",476
"101"," lachesin-like","evm.model.Contig131.9",12.3588057916681,12.427144622262,12.416553681497,12.4694077051409,1.00552956586145,0.998734172241386,"frontloaded","XM_022471354.1","LOC111126601","crg:105345755","",366
"102"," leucine-rich repeat-containing protein 61-like","evm.model.Contig624.29",9.79264146191591,9.80443688489543,9.87187077649962,9.86268325279131,1.00120451902844,0.997867372697948,"frontloaded","XM_022478368.1","LOC111131038","crg:105327439","GO:0003674",251
"103"," LIM domain-containing protein 1-like","evm.model.Contig227.29",10.4184790818795,10.7184099641919,10.6227696097763,10.7586286749751,1.02878835576241,0.984448759182263,"frontloaded","XM_022446714.1","LOC111110288","crg:105333655","",467
"104"," limbic system-associated membrane protein-like","evm.model.Contig1461.21",10.571003935516,10.6597848048466,10.70267137632,10.7198259089294,1.00839852769635,0.993260898020967,"frontloaded","XM_022476740.1","LOC111130062","crg:105348211","",382
"105"," lisH domain-containing protein C1711.05-like","evm.model.Contig79.262",10.4978417606383,10.5188826096434,10.5016600083655,10.507647484708,1.00200430235898,0.998568712079151,"frontloaded","XM_022473436.1","LOC111128042","crg:105329518","GO:0005739;GO:0005840",406
"106"," long-chain-fatty-acid--CoA ligase-like","evm.model.Contig108.63",10.2273743844105,10.248677320954,10.2964199582454,10.2823273306326,1.00208293309141,0.996555549469818,"frontloaded","XM_022445750.1","LOC111109574","crg:105326462","GO:0003674",563
"107"," lysosomal-associated transmembrane protein 4A-like","evm.model.Contig450.34",13.5755023935505,13.6236363899914,13.6959977724988,13.7363215566737,1.00354565120653,0.999400675798354,"frontloaded","XM_022459047.1","LOC111119169","crg:105321634","GO:0005575",247
"108"," m7GpppX diphosphatase-like","evm.model.Contig344.60",9.7776658502114,9.96239993478753,9.88914298601074,9.86475334543872,1.01889347492604,0.979036297486262,"frontloaded","XM_022444738.1","LOC111108701","crg:105342540","GO:0003674;GO:0034655",316
"109"," mannosyl phosphorylinositol ceramide synthase CSH1-like","evm.model.Contig447.7",10.0272771851649,10.1590240363497,10.0586106568409,10.183816011701,1.01313884604484,0.999317698021324,"frontloaded","XM_022479150.1","LOC111131556","crg:105322441","",354
"110"," matrix metalloproteinase-24-like","evm.model.Contig499.22",10.8947028105966,11.1113478025993,10.9096055865918,11.0827813985639,1.0198853512362,0.996066566989864,"frontloaded","XM_022431130.1","LOC111099717","crg:105333479","GO:0008233;GO:0031012;GO:0043167",572
"111"," mediator of RNA polymerase II transcription subunit 20-like","evm.model.Contig227.131",10.1379810516685,10.2088832127616,10.2604948671657,10.2984910737724,1.00699371607934,0.996732292701932,"frontloaded","XM_022444347.1","LOC111108449","crg:105328190","GO:0003674;GO:0005654;GO:0009058;GO:0032991;GO:0034641",218
"112"," mediator of RNA polymerase II transcription subunit 22-like","evm.model.Contig132.186",9.82851819218614,9.86902870293932,9.84499502322213,9.82999621468051,1.00412173126824,0.994377945532225,"frontloaded","XM_022469115.1","LOC111125368","crg:105334504;crg:105338871","GO:0003674;GO:0005654;GO:0009058;GO:0032991;GO:0034641",140
"113"," mediator of RNA polymerase II transcription subunit 26-like","evm.model.Contig251.48",10.9646470870074,11.1165868540576,11.0087524826516,11.1068777898145,1.01385724190159,0.995123720148733,"frontloaded","XM_022460018.1","LOC111119637","crg:105340733","GO:0005634",640
"114"," mediator of RNA polymerase II transcription subunit 4-like","evm.model.Contig272.90",10.2688303015505,10.4385481760224,10.2721099463503,10.3636213397853,1.01652747873789,0.992505116883271,"frontloaded","XM_022432667.1","LOC111100610","crg:105338766;crg:105347641","GO:0003674;GO:0005654;GO:0009058;GO:0032991;GO:0034641",257
"115"," metalloproteinase inhibitor 3-like","evm.model.Contig347.90",9.93215619343119,10.2258959187726,9.85316890268409,10.0808385615919,1.02957461800044,0.993717424090798,"frontloaded","XM_022439790.1","LOC111105476","crg:105327547","GO:0030234",186
"116"," metalloreductase STEAP4-like","evm.model.Contig740.15",10.5812335931996,10.6449817053322,10.5594031367139,10.5882790591221,1.00602463895831,0.9967296804492,"frontloaded","XM_022458866.1","LOC111119056","crg:105319284","",498
"117"," mid1-interacting protein 1A-like","evm.model.Contig1280.21",11.0935763894208,11.3119706628918,11.0916562231486,11.1786965115864,1.01968655245204,0.988389386721438,"frontloaded","XM_022480617.1","LOC111132796","crg:105328088","",167
"118"," mRNA decay activator protein ZFP36L1-like","evm.model.Contig79.22",12.7371559136599,13.2428054080375,12.8745319796758,13.1711841559437,1.03969877559836,0.983979020976323,"frontloaded","XM_022475973.1","LOC111129521","crg:105336839","GO:0043167",401
"119"," multiple epidermal growth factor-like domains protein 10","evm.model.Contig764.12",9.81761616623731,10.1426936408687,10.0331009312882,10.0099091079428,1.03311165043805,0.965712146044577,"frontloaded","XM_022455258.1","LOC111116271","crg:105340720;crg:105341903","",379
"120"," muscle LIM protein 1-like","evm.model.Contig483.58",10.537719227396,10.7926732296056,10.5941833308113,10.8387290247852,1.02419441975136,0.998914849941324,"frontloaded","XM_022458135.1","LOC111118588","crg:105337742","",183
"121"," NEDD4-binding protein 1-like","evm.model.Contig177.82",10.5237322318116,10.6083486258348,10.5362936397936,10.6113071938618,1.00804053088385,0.999086354367521,"frontloaded","XM_022487256.1","LOC111136418","crg:105337748","",908
"122"," NEDD8-conjugating enzyme ubc12-like","evm.model.Contig229.101",10.0417508649245,10.0914002477254,10.1718932217495,10.1142966123269,1.00494429541907,0.989445559513685,"frontloaded","XM_022469655.1","LOC111125648","crg:105340922","",193
"123"," neo-calmodulin-like","evm.model.Contig144.191",10.9093920910961,11.4099487449718,11.2038726412268,11.4689311346898,1.04588309318208,0.978749693355248,"frontloaded","XM_022460232.1","LOC111119762","crg:105338364","GO:0043167",168
"124"," neo-calmodulin-like","evm.model.Contig53.178",10.9432507805926,11.1010651875506,10.9976631802189,11.10504305746,1.01442116333822,0.995408926525165,"frontloaded","XM_022475826.1","LOC111129441","crg:105340108","GO:0043167",150
"125"," neuronal acetylcholine receptor subunit alpha-10-like","evm.model.Contig210.57",10.0578617411314,10.1858771156369,10.3779775267282,10.2675173602402,1.01272789165335,0.97692213255162,"frontloaded","XM_022434449.1","LOC111101827","crg:105342449","GO:0005575;GO:0007165;GO:0022857",404
"126"," NF-kappa-B inhibitor alpha-like","evm.model.Contig225.94",12.8028811283421,13.0887203349838,12.9504608516023,13.1073013889651,1.02232616266419,0.990007733717351,"frontloaded","XM_022488803.1","LOC111137365","crg:105318255","GO:0003674",345
"127"," NF-kappa-B inhibitor alpha-like","evm.model.Contig501.37",11.0100961885253,11.2712081506544,11.1034166133172,11.2291145930019,1.02371568401021,0.987892120417488,"frontloaded","XM_022478643.1","LOC111131219","crg:105319824","GO:0003674",353
"128"," NFATC2-interacting protein-like","evm.model.Contig768.34",9.79814926680544,9.94851917674313,9.89073340209998,9.94971721520585,1.01534676660287,0.990758601892144,"frontloaded","XM_022484891.1","LOC111135132","crg:105324964","",355
"129"," nuclear factor erythroid 2-related factor 2-like","evm.model.Contig216.53",12.9057203562577,12.9627684091173,13.0315970750892,12.9654310412519,1.00442036951714,0.990544074988904,"frontloaded","XM_022477305.1","LOC111130344","crg:105321326","GO:0003677;GO:0003700;GO:0005634;GO:0009058;GO:0032991;GO:0034641",855
"130"," nuclear factor erythroid 2-related factor 2-like","evm.model.Contig216.53",12.9057203562577,12.9627684091173,13.0315970750892,12.9654310412519,1.00442036951714,0.990544074988904,"frontloaded","XM_022477305.1","LOC111130344","crg:105321326","GO:0003677;GO:0003700;GO:0005634;GO:0009058;GO:0032991;GO:0034641",855
"131"," nuclear factor erythroid 2-related factor 2-like","evm.model.Contig216.53",12.9057203562577,12.9627684091173,13.0315970750892,12.9654310412519,1.00442036951714,0.990544074988904,"frontloaded","XM_022477305.1","LOC111130344","crg:105321326","GO:0003677;GO:0003700;GO:0005634;GO:0009058;GO:0032991;GO:0034641",855
"132"," nuclear factor erythroid 2-related factor 2-like","evm.model.Contig216.53",12.9057203562577,12.9627684091173,13.0315970750892,12.9654310412519,1.00442036951714,0.990544074988904,"frontloaded","XM_022477305.1","LOC111130344","crg:105321326","GO:0003677;GO:0003700;GO:0005634;GO:0009058;GO:0032991;GO:0034641",855
"133"," nuclear receptor subfamily 0 group B member 1-like","evm.model.Contig434.46",11.7042645353588,11.8535361901258,11.8107899866342,11.938778855704,1.01275361252439,0.998107133634684,"frontloaded","XM_022485360.1","LOC111135365","crg:105338842","GO:0003677;GO:0005634;GO:0007165;GO:0009058;GO:0034641",466
"134"," nucleoside diphosphate-linked moiety X motif 22-like","evm.model.Contig1219.16",10.087465151829,10.130444583105,10.129605841311,10.1118225808262,1.00426067705109,0.99400927469523,"frontloaded","XM_022476489.1","LOC111129937","crg:105343889","GO:0003674",288
"135"," paired box protein Pax-2-B-like","evm.model.Contig1015.29.1",11.37956018902,11.5472093013228,11.5226061102068,11.5113556831355,1.01473247731178,0.984519214320958,"frontloaded","XM_022457999.1","LOC111118493","crg:105340330","GO:0003677;GO:0009058;GO:0034641",597
"136"," paired box protein Pax-6-like","evm.model.Contig82.138",10.8985646285653,11.2832736494455,11.1256125123428,11.3625175769091,1.03529905395725,0.986472131882288,"frontloaded","XM_022447428.1","LOC111110798","crg:105332393","GO:0003677;GO:0009058;GO:0034641",487
"137"," peptidoglycan-recognition protein SC2-like","evm.model.Contig1349.3",10.8242635222923,11.0024191546367,10.7660212540476,10.9322289093681,1.01645891491624,0.998995782392041,"frontloaded","XM_022433463.1","LOC111101136","crg:105325078","GO:0009056;GO:0009058;GO:0016810;GO:0043167;GO:0071554",306
"138"," phosphatidylinositol-glycan biosynthesis class X protein-like","evm.model.Contig348.119",10.2279485675049,10.3001919521148,10.2150564055088,10.2632066022509,1.00706333084617,0.997666798944623,"frontloaded","XM_022456813.1","LOC111117651","crg:105320041","GO:0005737;GO:0005783;GO:0006464;GO:0006629;GO:0009058",234
"139"," polyglutamine-binding protein 1-like","evm.model.Contig132.38",10.5662056157085,10.6221773696097,10.5971776595645,10.5909182658581,1.00529724254257,0.994143116678806,"frontloaded","XM_022445867.1","LOC111109660","crg:105317098","GO:0003674",285
"140"," probable ATP-dependent RNA helicase DDX28","evm.model.Contig79.91",9.76458309908537,9.9145799764711,9.94186672447436,9.86629829565435,1.01536131915348,0.977385046209281,"frontloaded","XM_022473115.1","LOC111127844","crg:105331438","GO:0043167",527
"141"," probable glutamate receptor","evm.model.Contig120.63",9.86918890696968,9.99573985374342,9.90825282424891,9.91833984235883,1.0128228315383,0.988344664919327,"frontloaded","XM_022443517.1","LOC111108029","crg:105344203","GO:0005575;GO:0007165;GO:0007267;GO:0022857",470
"142"," probable phosphoglycerate mutase","evm.model.Contig228.140",9.8004044582619,9.85201866056137,9.8939940962861,9.9303819241823,1.00526653798007,0.998419554810164,"frontloaded","XM_022432119.1","LOC111100351","crg:105347640","GO:0005975;GO:0006091;GO:0009056;GO:0009058;GO:0016853;GO:0044281",250
"143"," proteasome inhibitor PI31 subunit-like","evm.model.Contig1021.12",10.5808858382455,10.7263518634553,10.6951373058261,10.7663448019441,1.01374800063374,0.993006083658235,"frontloaded","XM_022445638.1","LOC111109472","crg:105333633","",279
"144"," protein APCDD1-like","evm.model.Contig59.57",10.6758697190426,10.6813628419695,10.7738744955325,10.7478656466087,1.00051453633956,0.997072903311057,"frontloaded","XM_022487976.1","LOC111136847","crg:105332042","",517
"145"," protein arginine N-methyltransferase 5-like","evm.model.Contig225.155",10.4166380965706,10.4559011737097,10.4238900913229,10.4269822741497,1.00376926574343,0.996540418183864,"frontloaded","XM_022489227.1","LOC111137661","crg:105323137","GO:0006464;GO:0008168",633
"146"," protein BTG1-like","evm.model.Contig109.85",12.6845322492691,13.0747753021567,12.7320384612145,13.0786947031198,1.03076526948087,0.996567415850483,"frontloaded","XM_022441401.1","LOC111106649","crg:105340066","",177
"147"," protein mesh-like","evm.model.Contig178.71",10.2779159645297,10.8691070389126,10.5468692639455,10.6089988827065,1.05752052034898,0.951178527646152,"frontloaded","XM_022467948.1","LOC111124771","crg:105347114;crg:105347104;crg:105335620","GO:0007155",1050
"148"," protein phosphatase 1 regulatory subunit 27-like","evm.model.Contig770.11",10.5186655617387,10.8455638178385,10.5756637329888,10.8506864427458,1.03107792088085,0.995080219105515,"frontloaded","XM_022477838.1","LOC111130660","crg:105317557","GO:0003674",171
"149"," protein sprouty homolog 2-like","evm.model.Contig505.2",11.0563224181887,11.0952180752187,11.1739637080272,11.1083880141333,1.00351795611224,0.990646334416153,"frontloaded","XM_022469657.1","LOC111125649","crg:105325242","GO:0005575;GO:0007165;GO:0048856",252
"150"," protein transport protein Sec61 subunit beta-like","evm.model.Contig771.2",10.9360122963962,11.225329653752,11.0971050043259,11.0943045727814,1.02645547110908,0.973980529298874,"frontloaded","XM_022468913.1","LOC111125296","crg:105346081","GO:0005737;GO:0005783;GO:0006810;GO:0032991",96
"151"," protein Wnt-8b-like","evm.model.Contig973.13",10.3761157960303,10.9162978092371,10.7864681907851,10.9247694267982,1.05206013732166,0.962703270472879,"frontloaded","XM_022462555.1","LOC111121327","crg:105317364","GO:0003674;GO:0005576;GO:0007165;GO:0007267;GO:0048856",353
"152"," protein YIPF6-like","evm.model.Contig685.33",10.1816632924046,10.298798231387,10.2010972556012,10.2150674016173,1.01150449937485,0.989980247697702,"frontloaded","XM_022472459.1","LOC111127329","crg:105321965","GO:0005575",228
"153"," proton myo-inositol cotransporter-like","evm.model.Contig106.106.1",10.3064861292945,10.4604888163401,10.4372414264523,10.4653843383789,1.01494230769961,0.987934374282762,"frontloaded","XM_022442153.1","LOC111107140","crg:105339452","GO:0005575;GO:0022857",627
"154"," putative ankyrin repeat protein RF_0381","evm.model.Contig739.29",10.117883228799,10.3436117150705,10.1920882649583,10.3455010008973,1.02230985287802,0.992900671745747,"frontloaded","XM_022464083.1","LOC111122348","crg:105321013","GO:0003674;GO:0007165",312
"155"," putative cytochrome P450 120","evm.model.Contig849.37",10.4154897134011,10.4856736806858,10.3589951107615,10.4118331707558,1.00673842221691,0.998373233217794,"frontloaded","XM_022434541.1","LOC111101890","crg:105347265","GO:0016491;GO:0043167",419
"156"," ranBP-type and C3HC4-type zinc finger-containing protein 1-like","evm.model.Contig225.75_evm.model.Contig225.76",10.7223103211561,10.8707571419054,10.7937316210104,10.8319950118077,1.01384466745533,0.98984094534978,"frontloaded","XM_022484027.1","LOC111134716","crg:105321103","GO:0003674",1024
"157"," repressor of yield of DENV protein homolog","evm.model.Contig143.65.1",10.4170305846451,10.6123143455267,10.5229486298284,10.5923458037718,1.01874658611154,0.988071866749082,"frontloaded","XM_022472969.1","LOC111127737","crg:105334612","",258
"158"," retinoic acid receptor RXR-alpha-B-like","evm.model.Contig108.12",10.4457832841278,10.5092104752216,10.5119479333002,10.5148962187717,1.00607203781359,0.994243386507425,"frontloaded","XM_022467526.1","LOC111124564","crg:105334365","GO:0003677;GO:0003700;GO:0005634;GO:0007165;GO:0009058;GO:0032991;GO:0034641;GO:0043167",470
"159"," rho-related GTP-binding protein RhoU-like","evm.model.Contig6.98",11.4146527800854,11.6685229837348,11.5982512355835,11.7076142203612,1.0222407293976,0.987467272629844,"frontloaded","XM_022476327.1","LOC111129843","crg:105335424","GO:0003924;GO:0005622;GO:0007165;GO:0043167",263
"160"," rho-related protein racA-like","evm.model.Contig644.30",10.2557444822819,10.4309408626009,10.3138381894437,10.3767354544042,1.01708275597365,0.989200073908174,"frontloaded","XM_022453020.1","LOC111114627","crg:109617077","GO:0003924;GO:0005622;GO:0007165;GO:0043167",593
"161"," rho GTPase-activating protein 20-like","evm.model.Contig0.96",11.1047316572267,11.2455099545829,11.1001571831535,11.1524010359304,1.01267732545923,0.992129043967095,"frontloaded","XM_022435046.1","LOC111102361","crg:105330957","GO:0007165;GO:0019899",1646
"162"," rho GTPase-activating protein 20-like","evm.model.Contig0.96",11.1047316572267,11.2455099545829,11.1001571831535,11.1524010359304,1.01267732545923,0.992129043967095,"frontloaded","XM_022435046.1","LOC111102361","crg:105330957","GO:0007165;GO:0019899",1646
"163"," rho GTPase-activating protein 20-like","evm.model.Contig0.96",11.1047316572267,11.2455099545829,11.1001571831535,11.1524010359304,1.01267732545923,0.992129043967095,"frontloaded","XM_022435046.1","LOC111102361","crg:105330957","GO:0007165;GO:0019899",1646
"164"," rho GTPase-activating protein 20-like","evm.model.Contig0.96",11.1047316572267,11.2455099545829,11.1001571831535,11.1524010359304,1.01267732545923,0.992129043967095,"frontloaded","XM_022435046.1","LOC111102361","crg:105330957","GO:0007165;GO:0019899",1646
"165"," RING1 and YY1-binding protein-like","evm.model.Contig107.24",10.7967889535801,10.979352582236,11.0743199444192,11.1148798318911,1.01690906707918,0.986973712507615,"frontloaded","XM_022444169.1","LOC111108354","crg:105347875","GO:0009058;GO:0034641",204
"166"," RNA exonuclease 4-like","evm.model.Contig220.128",10.2092569340202,10.2108922855856,10.329912217428,10.3172313109984,1.00016018321176,0.998612448131996,"frontloaded","XM_022444643.1","LOC111108641","crg:105326461","GO:0004518;GO:0042254",477
"167"," S-adenosylmethionine synthase-like","evm.model.Contig104.164",12.6769880500543,12.7789891845416,12.8820204723947,12.6586061898543,1.0080461647581,0.974813382124931,"frontloaded","XM_022462112.1","LOC111121023","crg:105340424","GO:0006520;GO:0006790;GO:0009058;GO:0016765;GO:0043167;GO:0051186",411
"168"," SAM pointed domain-containing Ets transcription factor-like","evm.model.Contig210.91",11.8029132593255,12.3392188130223,12.2874637510888,12.6433703610695,1.04543840507114,0.984242603974552,"frontloaded","XM_022446630.1","LOC111110225","crg:105339786","GO:0003677;GO:0003700;GO:0005634;GO:0009058;GO:0032991;GO:0034641",418
"169"," serine/threonine-protein kinase LATS1-like","evm.model.Contig0.114",11.1746596228988,11.3702496262026,11.3387231648281,11.4292265331802,1.01750299426598,0.990642583929716,"frontloaded","XM_022436493.1","LOC111103314","crg:105334902","GO:0006464;GO:0006520;GO:0016301;GO:0043167",1203
"170"," serine/threonine-protein kinase pim-3-like","evm.model.Contig1622.4",11.996580314708,12.3295426797146,12.2562028537766,12.5099175639791,1.027754773133,0.993136640736477,"frontloaded","XM_022443471.1","LOC111107995","crg:105326887","GO:0006464;GO:0006520;GO:0008219;GO:0016301;GO:0043167",319
"171"," serine/threonine-protein kinase PLK1-like","evm.model.Contig450.25",11.5247455449789,11.6760953175854,11.6089724622513,11.6189589202482,1.01313259125903,0.987886723617511,"frontloaded","XM_022460482.1","LOC111119907","crg:105340555","GO:0006464;GO:0016301;GO:0043167",668
"172"," serine/threonine-protein kinase RIO1-like","evm.model.Contig349.65",10.3985447284202,10.5040054383836,10.4884792464363,10.5281466834787,1.01014187203284,0.99370398218763,"frontloaded","XM_022463204.1","LOC111121773","crg:105338786","GO:0005777;GO:0006520;GO:0016301;GO:0043167",861
"173"," signal recognition particle receptor subunit alpha-like","evm.model.Contig131.130",10.2103055464335,10.6400939184601,10.4680595245474,10.6438321855651,1.04209358574747,0.975719787290994,"frontloaded","XM_022471937.1","LOC111126975","crg:105325007","GO:0003924;GO:0005737;GO:0005783;GO:0006605;GO:0032991;GO:0043167",642
"174"," small integral membrane protein 14-like","evm.model.Contig1023.26",11.8144056089293,11.9532715484139,11.8244056160777,11.92051842843,1.0117539505652,0.996416511543596,"frontloaded","XM_022489815.1","LOC111138039","crg:105319388","",101
"175"," sodium-coupled monocarboxylate transporter 1-like","evm.model.Contig104.178",10.7471351221315,10.921240042432,10.7543877164851,10.8961398779653,1.01620012387691,0.997028876374781,"frontloaded","XM_022460010.1","LOC111119634","crg:105323315","GO:0005575;GO:0022857",647
"176"," sodium-dependent proline transporter-like","evm.model.Contig684.54",10.7113346779284,10.8398301676724,10.9252417612128,10.8380346823178,1.01199621649474,0.980258442820207,"frontloaded","XM_022443787.1","LOC111108163","crg:105321421","GO:0005575;GO:0022857",822
"177"," sodium/glucose cotransporter 4-like","evm.model.Contig626.42",10.8467749868727,11.1757804379688,11.046034109445,11.1472797036707,1.03033209884913,0.979456806189881,"frontloaded","XM_022457883.1","LOC111118412","crg:105324852;crg:105324853","GO:0005575;GO:0022857",654
"178"," sodium/potassium-transporting ATPase subunit beta-1-interacting protein 3-like","evm.model.Contig130.136",11.2219424146126,11.3170652089592,11.3482019501341,11.3853669966131,1.00847649995269,0.99484219245317,"frontloaded","XM_022473573.1","LOC111128113","crg:105331191","",316
"179"," solute carrier family 22 member 4-like","evm.model.Contig449.44",10.7929342003421,11.0833465756859,10.8357281203826,11.0186225727568,1.02690763882677,0.990233975479528,"frontloaded","XM_022430423.1","LOC111099070","crg:105324636","GO:0005575;GO:0022857",528
"180"," solute carrier family 25 member 38-like","evm.model.Contig247.79",11.6209538293531,12.0642960877679,11.8335469373597,12.1773154080234,1.03815024695262,0.991234491642835,"frontloaded","XM_022462809.1","LOC111121504","crg:105325582;crg:105347242","GO:0022857",286
"181"," sorbitol dehydrogenase-like","evm.model.Contig473.39",10.2905258592259,10.4044868538698,10.3611609367276,10.3803921940212,1.01107436065007,0.990882698607589,"frontloaded","XM_022478952.1","LOC111131432","crg:105322428","GO:0016491;GO:0043167",345
"182"," sperm-associated antigen 7 homolog","evm.model.Contig770.1",10.4690618748428,10.5277999118556,10.5093959639285,10.5074010026849,1.00561063041895,0.994231905783911,"frontloaded","XM_022487893.1","LOC111136786","crg:105346117","GO:0003674",236
"183"," splicing factor 3B subunit 6-like protein","evm.model.Contig481.29",10.5031404310761,10.7445070397473,10.5369204098358,10.5623230040062,1.02298042287972,0.979892474259434,"frontloaded","XM_022461768.1","LOC111120794","crg:105320833","GO:0003674",123
"184"," sterol regulatory element-binding protein 1-like","evm.model.Contig626.25",12.4039344339003,12.8196514987089,12.1752953971686,12.5399602200934,1.03351493568624,0.996551838698294,"frontloaded","XM_022468925.1","LOC111125304","crg:105345607","GO:0003674;GO:0009058;GO:0034641",1105
"185"," suppressor of cytokine signaling 2-like","evm.model.Contig1651.9",12.0282159213269,12.498243298347,12.1817158765725,12.3883606667285,1.03907706513538,0.978718090199389,"frontloaded","XM_022457159.1","LOC111117924","crg:105334011","GO:0005737;GO:0007165;GO:0030674;GO:0040007",273
"186"," T-box transcription factor TBX20-like","evm.model.Contig1391.7",10.8851328296577,11.1969897089027,10.9630977902403,11.0962874216916,1.02864980006448,0.983958685204883,"frontloaded","XM_022486905.1","LOC111136216","crg:105341726","GO:0003700;GO:0005634;GO:0009058;GO:0032991;GO:0034641",422
"187"," tctex1 domain-containing protein 1-like","evm.model.Contig420.38",10.4926361869796,10.7628345246147,10.6168425024045,10.8195168426287,1.02575123475361,0.993505885278559,"frontloaded","XM_022459286.1","LOC111119275","crg:105343681","",207
"188"," tetratricopeptide repeat protein 38-like","evm.model.Contig134.21",10.1469835347814,10.2022890303922,10.168216069991,10.2078052843941,1.00545043710983,0.998451430997295,"frontloaded","XM_022490124.1","LOC111138249","crg:105326394","GO:0003674",468
"189"," THAP domain-containing protein 4-like","evm.model.Contig499.41",10.3441057681769,10.4321627521405,10.3592151307334,10.3871518413136,1.00851276910127,0.994233121001719,"frontloaded","XM_022432115.1","LOC111100348","crg:105340782","",163
"190"," toll-like receptor Tollo","evm.model.Contig1210.23",10.4371067033822,10.5055772642732,10.5328329174237,10.5318287802935,1.0065603009375,0.99338774345183,"frontloaded","XM_022453349.1","LOC111114845","crg:105334681","GO:0003674;GO:0007165",1220
"191"," transcription cofactor vestigial-like protein 4","evm.model.Contig344.58.1",10.9993121980696,11.0892147835806,11.0926632793939,11.1202188853735,1.00817347338561,0.994356780270179,"frontloaded","XM_022443146.1","LOC111107792","crg:105328535","GO:0009058;GO:0034641",439
"192"," transcription factor HES-4-like","evm.model.Contig53.170",10.8278569052159,11.1231315731531,10.8289264805217,10.9820601107841,1.02726990858135,0.987219771538243,"frontloaded","XM_022430595.1","LOC111099184","crg:105348555","GO:0003677;GO:0009058;GO:0034641",365
"193"," transcription factor MafK-like","evm.model.Contig350.69",11.8458435827411,12.0887243530306,11.9851259402752,12.2093805411399,1.02050345917478,0.998243628395768,"frontloaded","XM_022459928.1","LOC111119599","crg:105331566","GO:0003677;GO:0003700;GO:0005634;GO:0009058;GO:0032991;GO:0034641",150
"194"," transcription initiation factor TFIID subunit 12-like","evm.model.Contig1068.38",10.4635476315434,10.515107226363,10.5406773909689,10.5924610487752,1.00492754433154,0.999985273014074,"frontloaded","XM_022437643.1","LOC111103975","crg:105318755","GO:0003674;GO:0005654;GO:0009058;GO:0032991;GO:0034641",157
"195"," transcriptional adapter 2-alpha-like","evm.model.Contig846.20",10.2378349505307,10.3092665816593,10.2220944387819,10.2729526666456,1.00697722042539,0.998011974085388,"frontloaded","XM_022464297.1","LOC111122516","crg:105338435","GO:0003677;GO:0005622;GO:0006464;GO:0009058;GO:0032991;GO:0034641;GO:0051276",439
"196"," transcriptional coactivator YAP1-like","evm.model.Contig449.123.1",12.0384610459292,12.1462781132468,12.0860437101844,12.1474252547041,1.00895605068674,0.996157079473461,"frontloaded","XM_022430963.1","LOC111099610","crg:105332932","GO:0003674",464
"197"," transcriptional repressor p66-beta-like","evm.model.Contig273.38",11.1758402356009,11.2492594025247,11.2539661069751,11.301712977105,1.00656945387336,0.997688402569978,"frontloaded","XM_022476338.1","LOC111129852","crg:105326476","GO:0009058;GO:0034641",680
"198"," translation initiation factor eIF-2B subunit beta-like","evm.model.Contig420.40",10.8516217197731,10.9511954473106,10.9330151116063,10.9633629935309,1.00917593057599,0.993658064285083,"frontloaded","XM_022457218.1","LOC111117966","crg:105336042","GO:0008150",356
"199"," transmembrane protein 127-like","evm.model.Contig219.72",10.2120551557682,10.2754129913807,10.3354068007997,10.2686769059386,1.00620421987994,0.987417409056668,"frontloaded","XM_022488039.1","LOC111136888","crg:105346412","GO:0007165;GO:0008283",286
"200"," transmembrane protein 134-like","evm.model.Contig768.12_evm.model.Contig768.13",9.86581266199312,10.2576058755079,10.0729384179372,10.0939973853395,1.0397122089115,0.963815409010564,"frontloaded","XR_002639274.1","LOC111133600","crg:105319376","",390
"201"," transmembrane protein 150B-A-like","evm.model.Contig119.140.1",10.3006034792229,10.3751957620546,10.3795966055125,10.3749843042446,1.00724154492328,0.992369350482725,"frontloaded","XM_022436267.1","LOC111103116","crg:105336809","",311
"202"," transmembrane protein 179B-like","evm.model.Contig625.12",10.0953476966792,10.2092056275671,10.1955036671291,10.2377451330487,1.01127825750127,0.992944463216802,"frontloaded","XM_022474126.1","LOC111128503","crg:105339551","",225
"203"," tripartite motif-containing protein 45-like","evm.model.Contig117.86",10.1903414842612,10.2400212733144,10.2287003358751,10.2510910906131,1.00487518393077,0.9973268607948,"frontloaded","XM_022490028.1","LOC111138177","crg:109620705","GO:0043167",305
"204"," tRNA selenocysteine 1-associated protein 1-like","evm.model.Contig1005.8",10.6044003135821,10.7321653294302,10.6737283907946,10.697947837804,1.01204830184357,0.990337189562273,"frontloaded","XM_022461616.1","LOC111120696","crg:105327601","GO:0003674",297
"205"," tRNA wybutosine-synthesizing protein 5-like","evm.model.Contig550.19",10.057502320423,10.1545244805383,10.1330817537146,10.1321300106295,1.00964674498939,0.990352398614106,"frontloaded","XM_022445939.1","LOC111109720","crg:105327034","GO:0003723;GO:0006399;GO:0009058;GO:0016491",322
"206"," troponin C-like","evm.model.Contig975.8.1",10.2465951742379,10.4400178306831,10.2822317656133,10.3306892588044,1.01887677351903,0.986098384923642,"frontloaded","XM_022463400.1","LOC111121913","crg:105329481","GO:0043167",150
"207"," ubiquitin carboxyl-terminal hydrolase-like","evm.model.Contig329.81",11.2430131205131,11.3435113654951,11.3334891553496,11.328773886744,1.00893872878247,0.990728102799884,"frontloaded","XM_022472653.1","LOC111127468","crg:105337563","GO:0005622;GO:0006464;GO:0008233;GO:0009056",224
"208"," ubiquitin carboxyl-terminal hydrolase 15-like","evm.model.Contig118.49",9.84599075479808,10.371934924336,10.0479859124354,10.1184884682899,1.05341708951754,0.955952391392477,"frontloaded","XM_022443830.1","LOC111108183","crg:105342530","GO:0006464;GO:0008233;GO:0009056",932
"209"," uncharacterized","evm.model.Contig0.13.2",10.3599744287643,10.4849932988023,10.4000408973112,10.5081543508164,1.01206748828365,0.998347931529212,"frontloaded","XM_022430615.1","LOC111099194","crg:105341623","",775
"210"," uncharacterized","evm.model.Contig126.105",10.3998081392198,10.706499174985,10.5347782221377,10.7292275952443,1.02949006670696,0.989283806168109,"frontloaded","XM_022457943.1","LOC111118450","crg:105331523","",212
"211"," uncharacterized","evm.model.Contig130.40",9.76592132410046,9.96826235696082,9.85416052770667,9.98291697429359,1.02071909307328,0.99250245079761,"frontloaded","XM_022446157.1","LOC111109891","crg:105330313","",402
"212"," uncharacterized","evm.model.Contig131.137",10.1101934937088,10.3430528656668,10.3758307535452,10.5441437222519,1.0230321380202,0.993342828701567,"frontloaded","XM_022445207.1","LOC111109118","crg:105335455","GO:0043167",672
"213"," uncharacterized","evm.model.Contig141.35",10.1508542794926,10.5749046161754,10.5527556618759,10.8240590937494,1.04177484229475,0.984578632736518,"frontloaded","XM_022458348.1","LOC111118740","crg:105321635","GO:0003674;GO:0007165",493
"214"," uncharacterized","evm.model.Contig1528.8",10.9035153212004,10.9053906888976,10.9294449772523,10.9189323159708,1.00017199661227,0.998866332396761,"frontloaded","XM_022470874.1","LOC111126328","crg:105323139;crg:105330711","GO:0003700;GO:0005622;GO:0009058;GO:0032991;GO:0034641",284
"215"," uncharacterized","evm.model.Contig169.79",10.3265465099798,10.4733248442004,10.4240284605164,10.4620694572139,1.0142136903251,0.98958372001804,"frontloaded","XM_022434152.1","LOC111101608","crg:105348327","",439
"216"," uncharacterized","evm.model.Contig2040.3",10.5160026830619,10.6524405008002,10.5171279017061,10.6297136288076,1.01297430419621,0.99775974941264,"frontloaded","XM_022463847.1","LOC111122215","crg:105340311;crg:105340312","GO:0006464;GO:0007049;GO:0008168;GO:0051276",2579
"217"," uncharacterized","evm.model.Contig210.49",10.6694201331091,10.8537280183548,10.7513088423333,10.698807048961,1.01727440507041,0.978218563092676,"frontloaded","XM_022475840.1","LOC111129446","crg:105319122","GO:0003674;GO:0005575",459
"218"," uncharacterized","evm.model.Contig219.28_evm.model.Contig219.29",10.1424695405814,10.3246766438966,10.2480273405107,10.2994173066952,1.01796476711969,0.987278393895543,"frontloaded","XM_022432354.1","LOC111100448","crg:105337795","",291
"219"," uncharacterized","evm.model.Contig225.39",10.0149140072456,10.2260199748199,10.1531384577078,10.2060729390521,1.021079159284,0.984461976928726,"frontloaded","XM_022440687.1","LOC111106139","crg:109618289","GO:0043167",556
"220"," uncharacterized","evm.model.Contig228.34",10.7041190396515,10.7662978697263,10.7287578550305,10.683082099656,1.00580886944964,0.989991946030885,"frontloaded","XM_022453059.1","LOC111114656","crg:105328903","",124
"221"," uncharacterized","evm.model.Contig2310.18",9.77697063986304,10.0109634318943,10.0021025633703,10.1970351707304,1.02393305663384,0.995659976412457,"frontloaded","XM_022451136.1","LOC111113130","crg:105322636","GO:0003674",866
"222"," uncharacterized","evm.model.Contig279.24",11.0309748881572,11.3184365668757,11.0371544998321,11.2022132131041,1.02605949896841,0.989177358574789,"frontloaded","XM_022434766.1","LOC111102113","crg:105342640","GO:0005576",1607
"223"," uncharacterized","evm.model.Contig281.57",10.82882416106,11.3938399049413,11.0322146711232,11.4501087703865,1.05217701714218,0.98641143247,"frontloaded","XM_022461445.1","LOC111120601","crg:105319128","",299
"224"," uncharacterized","evm.model.Contig2871.1",9.97378540616012,10.2055432672252,10.3916404730097,10.2621586465875,1.02323670017223,0.965113750030909,"frontloaded","XM_022451828.1","LOC111113537","crg:105321274","GO:0003674",1146
"225"," uncharacterized","evm.model.Contig33628.1",9.65029435148502,9.9797299663812,9.93811177442683,9.9605686261268,1.03413736440542,0.96917460326181,"frontloaded","XM_022460676.1","LOC111120028","crg:105325174","GO:0005575;GO:0007165;GO:0043167",310
"226"," uncharacterized","evm.model.Contig360.29",10.1727107254748,10.4966618369032,10.5802804793617,10.443877338601,1.03184511190485,0.956643379904883,"frontloaded","XM_022445698.1","LOC111109532","crg:105338546","GO:0003674;GO:0005575;GO:0007165",1490
"227"," uncharacterized","evm.model.Contig367.62",10.1740764481213,10.4239114632102,10.3346661068265,10.4410537965969,1.02455603870904,0.986080035622774,"frontloaded","XM_022479222.1","LOC111131611","crg:105346430","",348
"228"," uncharacterized","evm.model.Contig408.11",9.93249450268561,10.0759626861365,9.97690641926471,10.0975017509226,1.0144443254826,0.997676680707511,"frontloaded","XM_022460216.1","LOC111119755","crg:109619734","",641
"229"," uncharacterized","evm.model.Contig413.6",10.7878905536155,10.9577221684637,10.8995545001628,10.9566916588854,1.01574280106051,0.989662101835871,"frontloaded","XM_022466452.1","LOC111123827","crg:105342762","GO:0003674",412
"230"," uncharacterized","evm.model.Contig474.30",13.0588573979769,13.7076218601366,13.0335647136337,13.4608860063719,1.04968003266964,0.983905748187961,"frontloaded","XM_022477529.1","LOC111130420","crg:105330005","",226
"231"," uncharacterized","evm.model.Contig501.36",9.78915218796227,9.94960276100829,9.85188304816901,9.92691341764309,1.01639065058599,0.991366695348735,"frontloaded","XM_022474128.1","LOC111128504","crg:105319825","GO:0016757",183
"232"," uncharacterized","evm.model.Contig517.48",11.0396266349648,11.3292607498833,11.1510182387671,11.3808762968775,1.02623586145578,0.994521072956426,"frontloaded","XM_022445972.1","LOC111109745","crg:105317562","GO:0016757",1952
"233"," uncharacterized","evm.model.Contig52.150",9.77143507715664,9.93445025080728,9.95682218348758,10.0063893359335,1.01668282830142,0.988487443766229,"frontloaded","XM_022458667.1","LOC111118943","crg:105339238","GO:0003674",672
"234"," uncharacterized","evm.model.Contig59.22",10.6812889851236,10.788339881844,10.7834573508334,10.8433649600777,1.01002228259806,0.995577550817373,"frontloaded","XM_022469561.1","LOC111125593","crg:105334921","",1445
"235"," uncharacterized","evm.model.Contig6.113",10.0221315866733,10.164936503821,10.1713910700492,10.1952442410321,1.01424895651317,0.988263401538962,"frontloaded","XM_022477705.1","LOC111130555","crg:105323685","",479
"236"," uncharacterized","evm.model.Contig675.7",10.2042263770713,10.2270513660733,10.1827417884556,10.1067131581914,1.00223681719304,0.990318418409068,"frontloaded","XM_022446398.1","LOC111110065","crg:109617724;crg:105321456;crg:105330056","",681
"237"," uncharacterized","evm.model.Contig766.4",12.3982596740643,12.6108289415195,12.49301931995,12.6229204938966,1.01714508915311,0.993366542732289,"frontloaded","XM_022461175.1","LOC111120463","crg:105326142","GO:0003674",522
"238"," uncharacterized","evm.model.Contig79.199",10.8920616375303,11.0419464754619,10.9627463797487,11.0239693550832,1.01376092450809,0.991934699961943,"frontloaded","XM_022476724.1","LOC111130054","crg:105318194","",329
"239"," uncharacterized","evm.model.Contig809.5",10.6248900983501,10.7828136453464,10.8193601177102,10.8037396455584,1.01486354640231,0.983931536018408,"frontloaded","XM_022487085.1","LOC111136321","crg:105346837","GO:0003677;GO:0003700;GO:0005634;GO:0009058;GO:0032991;GO:0034641",685
"240"," uncharacterized","evm.model.Contig846.16",9.83366202951764,9.98856238677002,9.93152653225636,9.96607599014091,1.01575205216403,0.987917045275421,"frontloaded","XM_022448015.1","LOC111111185","crg:105317576","",410
"241"," uncharacterized","evm.model.Contig854.14",10.4985172319202,10.7618984860386,10.5423579482403,10.7291991035089,1.02508747171626,0.992815665044629,"frontloaded","XM_022432481.1","LOC111100520","crg:105325519","GO:0005575",191
"242"," uncharacterized","evm.model.Contig86.6",9.73006648197271,10.4867804053105,10.2755726233283,10.2730939420778,1.07777068376047,0.927617344136637,"frontloaded","XM_022451828.1","LOC111113537","crg:105321274","GO:0003674",1146
"243"," uncharacterized","evm.model.Contig902.17",10.3400747518402,10.7073130770717,10.5856091763959,10.6912403967893,1.03551602227694,0.975338609110831,"frontloaded","XM_022440721.1","LOC111106167","crg:105323382","",141
"244"," uncharacterized","evm.model.Contig922.28",9.92766527264768,9.99276859371976,10.0316244472355,9.96700762557145,1.00655776753991,0.987085610152967,"frontloaded","XM_022466755.1","LOC111123974","crg:109620015","",300
"245"," uncharacterized","evm.model.Contig9500.1",10.508774445035,11.0161994300288,10.8396106047287,10.8965255611334,1.04828583843414,0.958947081979631,"frontloaded","XM_022439739.1","LOC111105440","crg:105327567","",345
"246"," uncharacterized","evm.model.Contig980.31",10.3259112605003,10.8331285475487,10.64399707289,10.616122553267,1.04912082568331,0.950682870548374,"frontloaded","XM_022489438.1","LOC111137788","crg:105321274","GO:0003674",1358
"247"," uncharacterized","evm.model.Contig990.12",10.3173196066861,10.4369310671798,10.417055264413,10.4986660925566,1.01159326889671,0.996284157107579,"frontloaded","XM_022458588.1","LOC111118895","crg:105319799","",464
"248"," universal stress protein YxiE-like","evm.model.Contig344.47",9.87874021124303,10.0217545183385,9.97534969675412,9.98425868277784,1.01447697824189,0.986609969065852,"frontloaded","XM_022441173.1","LOC111106475","crg:105345305","",163
"249"," UPF0183 protein C16orf70 homolog","evm.model.Contig225.135",10.2627541877051,10.4623493756947,10.3835088734965,10.5191057328879,1.01944850128329,0.993732263605252,"frontloaded","XM_022486110.1","LOC111135774","crg:105329408","",424
"250"," UPF0565 protein C2orf69 homolog","evm.model.Contig228.59",10.0236582600624,10.07951284306,10.1187442548579,10.119308767714,1.00557227526602,0.994514082601175,"frontloaded","XM_022451346.1","LOC111113249","crg:105341746","",286
"251"," vascular endothelial growth factor C-like","evm.model.Contig474.15",9.86471559419003,10.0104085819566,9.97961394463281,10.0346550334219,1.01476910169132,0.990880931269166,"frontloaded","XM_022471571.1","LOC111126735","crg:105343926","GO:0003674;GO:0005575;GO:0007165;GO:0008283;GO:0040007",326
"252"," vesicular glutamate transporter 2.2-like","evm.model.Contig726.13",10.3345410653108,10.7209329511917,10.8832357373052,10.8934903463234,1.03738839329575,0.96486739726016,"frontloaded","XM_022473627.1","LOC111128155","crg:105325829","GO:0005575;GO:0055085",518
"253"," WD repeat-containing protein 89-like","evm.model.Contig225.110",9.86896872795546,9.91514118934401,9.84649332950203,9.87506693398986,1.00467854977164,0.998231630285679,"frontloaded","XM_022490308.1","LOC111138378","crg:105322127","GO:0003674",299
"254"," WD repeat domain phosphoinositide-interacting protein 4-like","evm.model.Contig176.41",10.2676146377818,10.4524799624568,10.3676379150903,10.439181034178,1.01800470033174,0.989092308378127,"frontloaded","XM_022460344.1","LOC111119828","crg:105347054","GO:0003674;GO:0006914",338
"255"," YEATS domain-containing protein 4-like","evm.model.Contig0.176",10.3612732096804,10.4391773299708,10.4363771249327,10.4463313127985,1.00751877869774,0.9934840108389,"frontloaded","XM_022487232.1","LOC111136406","crg:105328682","GO:0000228;GO:0005654;GO:0009058;GO:0032991;GO:0034641",226
"256"," zinc finger HIT domain-containing protein 2-like","evm.model.Contig1412.13",10.0772818809398,10.1381410933343,10.1798283980095,10.2027172088254,1.00603924878887,0.9962319549809,"frontloaded","XM_022468217.1","LOC111124914","crg:105323090","",387
"257"," zinc finger MYND domain-containing protein 15-like","evm.model.Contig408.64",9.82081269776269,9.98721925743069,9.88146233211227,10.0239276126003,1.01694427587504,0.997515255214623,"frontloaded","XM_022477890.1","LOC111130695","crg:105344041","",476
"258"," zwei Ig domain protein zig-4-like","evm.model.Contig703.14",10.1780382194117,10.4805765019428,10.4256067912164,10.6824008933529,1.02972461647414,0.995053510159638,"frontloaded","XM_022430585.1","LOC111099176","crg:105332908","",268
"259",NA,"evm.model.Contig0.277",9.84527143724902,9.97145681394547,9.84472207800987,9.82636544166159,1.01281685096249,0.985504320974727,"frontloaded",NA,NA,NA,NA,NA
"260",NA,"evm.model.Contig1006.29",9.97520840240598,10.0670679661968,9.98456357884503,10.0604998981166,1.00920878643184,0.998411216238038,"frontloaded",NA,NA,NA,NA,NA
"261",NA,"evm.model.Contig104.206",11.0006681960561,11.9478114864161,11.1177602266999,11.944172094184,1.08609870541315,0.989166620476605,"frontloaded",NA,NA,NA,NA,NA
"262",NA,"evm.model.Contig1070.3.2",10.1548636239133,10.2450023719695,10.1730473379477,10.2149487507264,1.0088764114807,0.995284312312075,"frontloaded",NA,NA,NA,NA,NA
"263",NA,"evm.model.Contig117.95",10.3914879498082,10.5032236711857,10.494785612038,10.4917025377967,1.01075262002103,0.989071122043032,"frontloaded",NA,NA,NA,NA,NA
"264",NA,"evm.model.Contig1179.17",12.3044310193236,12.495903896918,12.4758781304681,12.5685405372717,1.01556129473145,0.991990666293235,"frontloaded",NA,NA,NA,NA,NA
"265",NA,"evm.model.Contig118.89",10.1802225195724,10.3912055273447,10.2622515387948,10.2912172561241,1.02072479333007,0.982461243696359,"frontloaded",NA,NA,NA,NA,NA
"266",NA,"evm.model.Contig1256.4",10.5298574463435,10.9341865532008,10.7435568563281,11.0757011834416,1.03839834574377,0.992794028054528,"frontloaded",NA,NA,NA,NA,NA
"267",NA,"evm.model.Contig126.104",10.1158369272264,10.7447197309848,10.3554414935255,10.9693448965458,1.06216814370206,0.99728388270607,"frontloaded",NA,NA,NA,NA,NA
"268",NA,"evm.model.Contig126.98",10.6450444953115,10.6735627303414,10.7026016670337,10.7122746911817,1.00267901510815,0.998229529202211,"frontloaded",NA,NA,NA,NA,NA
"269",NA,"evm.model.Contig130.23",10.3156314380798,10.4151445823031,10.362587794402,10.4040848307307,1.00964683013547,0.994411585513193,"frontloaded",NA,NA,NA,NA,NA
"270",NA,"evm.model.Contig1350.4",10.584751212205,10.6314463649959,10.6121159312718,10.6516821053148,1.00441154939353,0.999319847458408,"frontloaded",NA,NA,NA,NA,NA
"271",NA,"evm.model.Contig1387.5",10.5018790936916,10.571800387688,10.6740731749207,10.7044203876258,1.00665797933613,0.996210329284867,"frontloaded",NA,NA,NA,NA,NA
"272",NA,"evm.model.Contig140.99",10.2400071362455,11.017718555349,10.4271868053389,11.009259856065,1.07594832784352,0.981294926910138,"frontloaded",NA,NA,NA,NA,NA
"273",NA,"evm.model.Contig142.89.1",10.0073234349066,10.2173849836259,10.2304992950377,10.2908202642013,1.02099078240907,0.985215740905746,"frontloaded",NA,NA,NA,NA,NA
"274",NA,"evm.model.Contig1429.3",10.4035405483954,10.4312245486158,10.4463029649511,10.4327481742029,1.00266101718849,0.99605192049851,"frontloaded",NA,NA,NA,NA,NA
"275",NA,"evm.model.Contig143.75",10.4397153107907,10.4958116555469,10.5333682798202,10.5012376349509,1.00537335962583,0.99162129461416,"frontloaded",NA,NA,NA,NA,NA
"276",NA,"evm.model.Contig1430.26",10.5571588737682,10.7696376975974,10.6748954756398,10.728494765467,1.02012651570084,0.985192566267075,"frontloaded",NA,NA,NA,NA,NA
"277",NA,"evm.model.Contig144.95",9.95188911096805,10.0739605243799,10.0269519272325,10.0517399222094,1.01226615490292,0.990324660918075,"frontloaded",NA,NA,NA,NA,NA
"278",NA,"evm.model.Contig1526.1",9.94689255202697,10.2405884579427,10.1158214644384,10.2910136424227,1.02952639775483,0.988142346906222,"frontloaded",NA,NA,NA,NA,NA
"279",NA,"evm.model.Contig1650.4",10.209459416983,10.5139805927104,10.3387223462869,10.3114412663021,1.02982735552295,0.968474245978437,"frontloaded",NA,NA,NA,NA,NA
"280",NA,"evm.model.Contig180.2",14.1271173590405,14.7960320744397,14.681301257169,15.023565391494,1.04734969621889,0.977049912486383,"frontloaded",NA,NA,NA,NA,NA
"281",NA,"evm.model.Contig180.3",12.8369110516949,13.535579468482,13.362489202289,13.6827375233232,1.05442652161205,0.971111970723269,"frontloaded",NA,NA,NA,NA,NA
"282",NA,"evm.model.Contig210.60",10.4960443362043,10.6429543119394,10.9684356791524,10.7632692290751,1.01399669923539,0.967749531234904,"frontloaded",NA,NA,NA,NA,NA
"283",NA,"evm.model.Contig220.19",9.79213140426839,9.93992151673385,10.06976166252,10.0093659997798,1.01509274195412,0.979223113092322,"frontloaded",NA,NA,NA,NA,NA
"284",NA,"evm.model.Contig224.63",9.97596783759674,10.0648965396924,10.0741132019122,10.1383145636097,1.00891429318371,0.997481065867367,"frontloaded",NA,NA,NA,NA,NA
"285",NA,"evm.model.Contig232.4",10.3418157359359,10.7192424905356,10.6504088208964,10.895760355536,1.03649521169559,0.987015479595465,"frontloaded",NA,NA,NA,NA,NA
"286",NA,"evm.model.Contig235.2",9.9184519544422,10.5654385570747,10.5699664737125,10.9774401385282,1.06523060308244,0.97495334330631,"frontloaded",NA,NA,NA,NA,NA
"287",NA,"evm.model.Contig254.25",11.4964154285171,11.5714380567318,11.564912432821,11.5679423266365,1.0065257408869,0.993776859920913,"frontloaded",NA,NA,NA,NA,NA
"288",NA,"evm.model.Contig271.103",9.93577561140799,10.0924937000935,10.1479148016824,10.2004245976892,1.01577311070769,0.989565909305234,"frontloaded",NA,NA,NA,NA,NA
"289",NA,"evm.model.Contig278.42",9.93376390966247,9.97818350955152,9.92448096127338,9.95495458030167,1.00447157797316,0.99860520934632,"frontloaded",NA,NA,NA,NA,NA
"290",NA,"evm.model.Contig281.102.3",10.2916664384969,10.4358702824502,10.3782884000282,10.3166869003985,1.01401170984457,0.980328311523765,"frontloaded",NA,NA,NA,NA,NA
"291",NA,"evm.model.Contig325.27",9.93605494128469,9.995496389729,9.94144640603882,9.90751677234617,1.00598239933209,0.990660525729643,"frontloaded",NA,NA,NA,NA,NA
"292",NA,"evm.model.Contig328.72",10.2952750007597,10.5567740839332,10.2148602622288,10.2396715623004,1.02539991240197,0.977598037193016,"frontloaded",NA,NA,NA,NA,NA
"293",NA,"evm.model.Contig328.85",9.743352524518,9.93124773492698,9.61202083126378,9.77315620988179,1.01928445162342,0.997527179333379,"frontloaded",NA,NA,NA,NA,NA
"294",NA,"evm.model.Contig33628.2",9.69376103068536,9.87670844962714,9.7443877989816,9.8498327331395,1.01887269743525,0.992097537130995,"frontloaded",NA,NA,NA,NA,NA
"295",NA,"evm.model.Contig350.21",10.2652527937389,10.3842568020121,10.268505155168,10.3095988764297,1.01159289602159,0.992496015441187,"frontloaded",NA,NA,NA,NA,NA
"296",NA,"evm.model.Contig408.45",10.4317565427151,10.5330401578082,10.4575116156799,10.4896001366652,1.0097091620839,0.993423159729684,"frontloaded",NA,NA,NA,NA,NA
"297",NA,"evm.model.Contig409.21",11.7226416839385,12.0635483151743,12.0911293689982,12.2802646683195,1.02908104166511,0.98694120580728,"frontloaded",NA,NA,NA,NA,NA
"298",NA,"evm.model.Contig420.68",9.78156254764001,9.96081764567803,9.96451750308883,10.0162340296595,1.01832581422089,0.987100645272776,"frontloaded",NA,NA,NA,NA,NA
"299",NA,"evm.model.Contig421.75",10.113300313669,10.521462473109,10.3293899479497,10.4944183402133,1.0403589477995,0.976563510771805,"frontloaded",NA,NA,NA,NA,NA
"300",NA,"evm.model.Contig421.77",9.98351744959231,10.1674763097941,9.99294005478087,10.1435417645986,1.01842625719148,0.996705263364843,"frontloaded",NA,NA,NA,NA,NA
"301",NA,"evm.model.Contig437.58",9.89164678397889,10.0335434472606,9.9692639535831,10.10734695031,1.01434510010119,0.999512761165152,"frontloaded",NA,NA,NA,NA,NA
"302",NA,"evm.model.Contig472.61",9.84674453730369,10.0331124074247,9.98446979144641,10.1496445699644,1.01892685134818,0.997660595944054,"frontloaded",NA,NA,NA,NA,NA
"303",NA,"evm.model.Contig474.33",11.2693485200734,11.6422543330518,11.2792223569555,11.5149659058106,1.03309027246022,0.988200856104509,"frontloaded",NA,NA,NA,NA,NA
"304",NA,"evm.model.Contig501.38",10.2829580945113,10.3847716004646,10.3133820476354,10.322393881653,1.00990118845351,0.991061117185844,"frontloaded",NA,NA,NA,NA,NA
"305",NA,"evm.model.Contig517.57.1",10.4806072042359,10.6862406309421,10.5688325464311,10.705356444645,1.0196203733905,0.993426201958605,"frontloaded",NA,NA,NA,NA,NA
"306",NA,"evm.model.Contig52.69",9.87879933248998,9.92001155404315,9.86803095567562,9.87288515365188,1.00417178446146,0.996335414904469,"frontloaded",NA,NA,NA,NA,NA
"307",NA,"evm.model.Contig53.6",11.3258636979365,11.3795192554217,11.4198203499799,11.4340152752627,1.00473743627119,0.996522048061838,"frontloaded",NA,NA,NA,NA,NA
"308",NA,"evm.model.Contig555.26",10.2861487414843,10.3983546895267,10.3485001172443,10.3335824148419,1.01090845085584,0.987783281809073,"frontloaded",NA,NA,NA,NA,NA
"309",NA,"evm.model.Contig58.56",11.46176109468,11.920391910905,11.5659665093526,12.0232226005254,1.04001399195433,0.999539071654117,"frontloaded",NA,NA,NA,NA,NA
"310",NA,"evm.model.Contig58.57",10.5798888142828,10.921889040101,10.679899626663,10.9870893862091,1.03232550283104,0.996549396100201,"frontloaded",NA,NA,NA,NA,NA
"311",NA,"evm.model.Contig583.7",9.81080574438692,10.0347958664172,9.87158164456168,9.97536802045931,1.02283096086765,0.987957630188322,"frontloaded",NA,NA,NA,NA,NA
"312",NA,"evm.model.Contig59.55",10.1474237446237,10.4949036376122,10.4085604786204,10.7560374424912,1.03424316375598,0.999169057911016,"frontloaded",NA,NA,NA,NA,NA
"313",NA,"evm.model.Contig631.1",9.82083688118038,10.3838703139155,10.1163495917525,10.4087437173287,1.05733049428955,0.973114018204361,"frontloaded",NA,NA,NA,NA,NA
"314",NA,"evm.model.Contig679.37",10.129620652677,10.1951117619115,10.1397568441356,10.2032280514609,1.00646530718968,0.999795651990168,"frontloaded",NA,NA,NA,NA,NA
"315",NA,"evm.model.Contig74.58",10.4160144150646,10.4708457964828,10.5003557959646,10.5093608010514,1.00526414223649,0.995616523479741,"frontloaded",NA,NA,NA,NA,NA
"316",NA,"evm.model.Contig763.44",10.1487812313804,10.3786366877361,10.2504933955774,10.3192607333066,1.0226485773134,0.984413128773278,"frontloaded",NA,NA,NA,NA,NA
"317",NA,"evm.model.Contig769.62",9.91580065167269,9.99471375518812,9.98114129937949,10.0203613131255,1.00795831887787,0.996002903028963,"frontloaded",NA,NA,NA,NA,NA
"318",NA,"evm.model.Contig782.30",9.96525495784375,10.0301770473867,10.209374449507,10.083083418653,1.00651484481006,0.981237286656372,"frontloaded",NA,NA,NA,NA,NA
"319",NA,"evm.model.Contig79.209",9.87433322889073,9.91831582192059,9.89470088849997,9.93719520076251,1.00445423422628,0.999841126977887,"frontloaded",NA,NA,NA,NA,NA
"320",NA,"evm.model.Contig791.30",11.5794617575485,11.8107255827947,11.6384445831858,11.8200726733686,1.01997189766575,0.995719465903626,"frontloaded",NA,NA,NA,NA,NA
"321",NA,"evm.model.Contig811.12",9.74471930679391,10.2379326902696,10.1989122734109,10.3466331670384,1.05061340075048,0.965611122414025,"frontloaded",NA,NA,NA,NA,NA
"322",NA,"evm.model.Contig829.8",10.1162526272592,10.14411191058,10.1355032749753,10.1263260257778,1.00275391336567,0.996350680844627,"frontloaded",NA,NA,NA,NA,NA
"323",NA,"evm.model.Contig902.87",9.93507463273328,9.96738575873807,10.0264688156111,9.993355241175,1.00325222780897,0.993466405119278,"frontloaded",NA,NA,NA,NA,NA
"324",NA,"evm.model.Contig975.14",12.6652333145009,13.138271039683,12.8175370344179,13.2499497298879,1.03734930999183,0.996516805671712,"frontloaded",NA,NA,NA,NA,NA
